station_id,station_name,data_from_time,sla_flag,total_inbounded_order_qty_eoh,total_outbounded_order_qty_eoh,total_picked_order_qty_eoh,update_at_timestamp,fetched_at
302,50-HCM Binh Chanh/Le Minh Xuan Hub,1791133200,0,3,0,1782,1791168420,2026-10-05 09:47:33
91,50-HCM Binh Chanh/Phong Phu Hub,1791133200,0,283,0,1304,1791168420,2026-10-05 09:47:33
1047,50-HCM Binh Chanh/Tan Tuc Hub,1791133200,0,39,0,2923,1791168420,2026-10-05 09:47:33
166,50-HCM Binh Chanh/Vinh Loc Hub,1791133200,0,36,0,1801,1791168420,2026-10-05 09:47:33
41,50-HCM Binh Tan Hub,1791133200,0,12,0,2785,1791168420,2026-10-05 09:47:35
917,50-HCM Binh Tan/An Lac Hub,1791133200,0,3,0,0,1791168420,2026-10-05 09:47:35
912,50-HCM Binh Thanh/VTB Hub,1791133200,0,0,0,1641,1791168420,2026-10-05 09:47:35
384,50-HCM Can Gio Hub,1791133200,0,1,155,11,1791168420,2026-10-05 09:47:35
304,50-HCM Cu Chi Hub,1791133200,0,2,0,13,1791168420,2026-10-05 09:47:35
381,50-HCM D11 Hub,1791133200,0,42,0,2807,1791168420,2026-10-05 09:47:35
397,50-HCM D12/An Suong Hub,1791133200,0,1,0,358,1791168420,2026-10-05 09:47:35
168,50-HCM D2 Hub,1791133200,0,0,0,1457,1791168420,2026-10-05 09:47:35
573,50-HCM D2/An Phu Hub,1791133200,0,0,0,530,1791168420,2026-10-05 09:47:35
26,50-HCM D4 Hub,1791133200,0,22,0,94,1791168420,2026-10-05 09:47:35
341,50-HCM D6 Hub,1791133200,0,3,0,541,1791168420,2026-10-05 09:47:35
58,50-HCM D7 Hub,1791133200,0,5,0,304,1791168420,2026-10-05 09:47:35
25,50-HCM D8 Hub,1791133200,0,29,0,1980,1791168420,2026-10-05 09:47:35
979,50-HCM D9/Duong Dinh Hoi Hub,1791133200,0,2,0,1903,1791168420,2026-10-05 09:47:36
919,50-HCM D9/Man Thien Hub,1791133200,0,6,0,2372,1791168420,2026-10-05 09:47:36
370,50-HCM D9/Truong Thanh Hub,1791133200,0,3,0,1435,1791168420,2026-10-05 09:47:36
196,50-HCM Nha Be Hub,1791133200,0,1,0,1289,1791168420,2026-10-05 09:47:36
393,50-HCM Phu Nhuan/Phuong 4 Hub,1791133200,0,0,0,84,1791168420,2026-10-05 09:47:36
444,50-HCM Phu Nhuan/Phuong 8 Hub,1791133200,0,14,0,133,1791168420,2026-10-05 09:47:36
915,50-HCM Tan Binh/Bach Dang Hub,1791133200,0,56,0,179,1791168420,2026-10-05 09:47:36
1082,50-HCM Tan Phu/Tan Quy Hub,1791133200,0,5,0,438,1791168420,2026-10-05 09:47:36
10,50-HCM Thu Duc Hub,1791133200,0,11,0,240,1791168420,2026-10-05 09:47:36
423,50-HCM Thu Duc/Hiep Binh Phuoc Hub,1791133200,0,15,0,4389,1791168420,2026-10-05 09:47:36
93,50-HCM Thu Duc/Linh Trung Hub,1791133200,0,4,0,634,1791168420,2026-10-05 09:47:36
5420,51-HCM Bay Hien/Tai Thiet Hub,1791133200,0,10,0,735,1791168420,2026-10-05 09:47:36
2177,51-HCM Binh Chanh/Binh Hung Hub,1791133200,0,4,0,639,1791168420,2026-10-05 09:47:36
4719,51-HCM Binh Chanh/Tan Quy Tay Hub,1791133200,0,11,0,367,1791168420,2026-10-05 09:47:36
4628,51-HCM Binh Chanh/Tan Vinh Loc Hub,1791133200,0,5,0,700,1791168420,2026-10-05 09:47:36
2440,51-HCM Binh Chanh/Tran Van Giau Hub,1791133200,0,367,0,1461,1791168420,2026-10-05 09:47:36
2011,51-HCM Binh Chanh/Vinh Loc A Hub,1791133200,0,14,4,642,1791168420,2026-10-05 09:47:36
1877,51-HCM Binh Tan/Binh Hung Hoa B Hub,1791133200,0,10,0,7746,1791168420,2026-10-05 09:47:36
2053,51-HCM Binh Tan/Binh Tri Dong A Hub,1791133200,0,4,0,0,1791168420,2026-10-05 09:47:36
5036,51-HCM Binh Tan/Binh Tri Dong B Hub,1791133200,0,1,0,9,1791168420,2026-10-05 09:47:36
5419,51-HCM Binh Tan/Nguyen Thi Tu Hub,1791133200,0,5,0,3,1791168420,2026-10-05 09:47:36
5876,51-HCM Binh Thanh/Binh Loi Trung Hub,1791133200,0,10,0,393,1791168420,2026-10-05 09:47:36
5661,51-HCM Binh Thanh/Binh Quoi Hub,1791133200,0,1,0,208,1791168420,2026-10-05 09:47:36
6143,51-HCM Binh Thanh/Phan Van Tri Hub,1791133200,0,0,0,450,1791168420,2026-10-05 09:47:36
2095,51-HCM Binh Thanh/Phuong 12 Hub,1791133200,0,18,0,242,1791168420,2026-10-05 09:47:36
5731,51-HCM Can Gio/Binh Khanh Hub,1791133200,0,2,113,1,1791168420,2026-10-05 09:47:36
2442,51-HCM Cu Chi/Binh My Hub,1791133200,0,0,0,9,1791168420,2026-10-05 09:47:36
2199,51-HCM Cu Chi/Phuoc Hiep Hub,1791133200,0,1,0,50,1791168420,2026-10-05 09:47:36
6164,51-HCM Cu Chi/Tan An Hoi Hub,1791133200,0,0,0,6,1791168420,2026-10-05 09:47:36
2149,51-HCM Cu Chi/Tan Phu Trung Hub,1791133200,0,5,0,216,1791168420,2026-10-05 09:47:36
1387,51-HCM Cu Chi/Tan Thanh Dong Hub,1791133200,0,0,0,20,1791168420,2026-10-05 09:47:36
1390,51-HCM Cu Chi/Trung Lap Thuong Hub,1791133200,0,0,0,8,1791168420,2026-10-05 09:47:36
4228,51-HCM D10/Dien Hong Hub,1791133200,0,16,0,192,1791168420,2026-10-05 09:47:36
4625,51-HCM D10/Hoa Hung Hub,1791133200,0,2,0,683,1791168420,2026-10-05 09:47:37
5039,51-HCM D10/Truong Son Hub,1791133200,0,2,0,8,1791168420,2026-10-05 09:47:37
4293,51-HCM D11/Binh Thoi Hub,1791133200,0,1,0,887,1791168420,2026-10-05 09:47:37
2318,51-HCM D11/Phuong 15 Hub,1791133200,0,2,0,36,1791168420,2026-10-05 09:47:37
2421,51-HCM D12/Dong Hung Thuan Hub,1791133200,0,14,0,21,1791168420,2026-10-05 09:47:37
2396,51-HCM D12/Le Thi Rieng Hub,1791133200,0,13,0,2937,1791168420,2026-10-05 09:47:37
2316,51-HCM D12/Le Van Khuong Hub,1791133200,0,29,0,822,1791168420,2026-10-05 09:47:37
4785,51-HCM D12/Nguyen Van Qua Hub,1791133200,0,1,0,596,1791168420,2026-10-05 09:47:37
1872,51-HCM D12/Thanh Loc Hub,1791133200,0,23,0,1735,1791168420,2026-10-05 09:47:37
2260,51-HCM D12/Thanh Xuan Hub,1791133200,0,11,0,1580,1791168420,2026-10-05 09:47:37
1808,51-HCM D12/Thoi An Hub,1791133200,0,44,0,5829,1791168420,2026-10-05 09:47:37
5662,51-HCM D12/Vuon Lai Hub,1791133200,0,30,0,2467,1791168420,2026-10-05 09:47:37
2110,51-HCM D2/An Khanh Hub,1791133200,0,13,0,93,1791168420,2026-10-05 09:47:37
2020,51-HCM D2/Cat Lai Hub,1791133200,0,0,0,115,1791168420,2026-10-05 09:47:37
2453,51-HCM D2/Thao Dien Hub,1791133200,0,9,0,65,1791168420,2026-10-05 09:47:37
5798,51-HCM D3/Ban Co Hub,1791133200,0,1,0,7,1791168420,2026-10-05 09:47:37
4623,51-HCM D3/Nhieu Loc Hub,1791133200,0,6,0,33,1791168420,2026-10-05 09:47:37
5422,51-HCM D6/Kinh Duong Vuong Hub,1791133200,0,5,0,505,1791168420,2026-10-05 09:47:37
2473,51-HCM D7/Bui Van Ba Hub,1791133200,0,11,0,999,1791168420,2026-10-05 09:47:37
2063,51-HCM D7/Dao Tri Hub,1791133200,0,15,0,2420,1791168420,2026-10-05 09:47:37
2021,51-HCM D7/Huynh Tan Phat Hub,1791133200,0,52,0,156,1791168420,2026-10-05 09:47:37
2109,51-HCM D7/Nguyen Van Linh Hub,1791133200,0,34,0,36,1791168420,2026-10-05 09:47:37
2191,51-HCM D7/Tan Kieng Hub,1791133200,0,49,0,843,1791168420,2026-10-05 09:47:37
4439,51-HCM D8/Ben Binh Dong Hub,1791133200,0,3,0,13,1791168420,2026-10-05 09:47:37
2190,51-HCM D8/Bui Minh Truc Hub,1791133200,0,54,0,465,1791168420,2026-10-05 09:47:37
6087,51-HCM D8/KDC Binh Hung Hub,1791133200,0,0,0,118,1791168420,2026-10-05 09:47:37
5120,51-HCM D8/Phu Dinh Hub,1791133200,0,4,0,2,1791168420,2026-10-05 09:47:37
2317,51-HCM D8/Tung Thien Vuong Hub,1791133200,0,5,0,386,1791168420,2026-10-05 09:47:37
2108,51-HCM D9/Hoang Huu Nam Hub,1791133200,0,1,0,373,1791168420,2026-10-05 09:47:37
5418,51-HCM D9/Lien Phuong Hub,1791133200,0,4,0,380,1791168420,2026-10-05 09:47:37
2290,51-HCM D9/Long Binh Hub,1791133200,0,0,0,679,1791168420,2026-10-05 09:47:37
4626,51-HCM D9/Long Truong Hub,1791133200,0,1,0,176,1791168420,2026-10-05 09:47:37
2200,51-HCM D9/Nguyen Van Tang Hub,1791133200,0,6,0,52,1791168420,2026-10-05 09:47:37
2107,51-HCM D9/Phu Huu Hub,1791133200,0,3,0,179,1791168420,2026-10-05 09:47:38
2060,51-HCM D9/Phuoc Long B Hub,1791133200,0,3,0,1165,1791168420,2026-10-05 09:47:38
2397,51-HCM D9/Tang Nhon Phu B Hub,1791133200,0,8,0,431,1791168420,2026-10-05 09:47:38
2443,51-HCM D9/Xa Lo Ha Noi Hub,1791133200,0,1,0,60,1791168420,2026-10-05 09:47:38
2061,51-HCM Go Vap/Le Duc Tho Hub,1791133200,0,18,0,431,1791168420,2026-10-05 09:47:38
4230,51-HCM Go Vap/Nguyen Van Khoi Hub,1791133200,0,2,0,384,1791168420,2026-10-05 09:47:38
2240,51-HCM Go Vap/Pham Van Chieu Hub,1791133200,0,4,0,428,1791168420,2026-10-05 09:47:38
2094,51-HCM Go Vap/Phan Huy Ich Hub,1791133200,0,1,0,4043,1791168420,2026-10-05 09:47:38
2503,51-HCM Go Vap/Phuong 15 Hub,1791133200,0,12,0,1903,1791168420,2026-10-05 09:47:38
2378,51-HCM Go Vap/Phuong 17 Hub,1791133200,0,10,0,722,1791168420,2026-10-05 09:47:38
4011,51-HCM Go Vap/Phuong 5 Hub,1791133200,0,33,0,653,1791168420,2026-10-05 09:47:38
4718,51-HCM Hoc Mon/Dong Thanh 1 Hub,1791133200,0,4,0,348,1791168420,2026-10-05 09:47:38
2055,51-HCM Hoc Mon/Dong Thanh Hub,1791133200,0,87,0,0,1791168420,2026-10-05 09:47:38
2288,51-HCM Hoc Mon/Nguyen Thi Soc Hub,1791133200,0,35,0,54,1791168420,2026-10-05 09:47:38
2139,51-HCM Hoc Mon/Tan Thoi Nhi Hub,1791133200,0,163,0,1476,1791168420,2026-10-05 09:47:38
5981,51-HCM Hoc Mon/Thi Tran Hub,1791133200,0,0,0,276,1791168420,2026-10-05 09:47:38
4624,51-HCM Hoc Mon/Thoi Tam Thon Hub,1791133200,0,2,0,1363,1791168420,2026-10-05 09:47:38
4012,51-HCM Hoc Mon/Xuan Thoi Son Hub,1791133200,0,27,0,593,1791168420,2026-10-05 09:47:38
1775,51-HCM Hoc Mon/Xuan Thoi Thuong Hub,1791133200,0,4,0,312,1791168420,2026-10-05 09:47:38
3986,51-HCM Le Hong Phong 02 CH,1791133200,0,174,0,0,1791168420,2026-10-05 09:47:38
5819,51-HCM Nha Be/Hiep Phuoc Hub,1791133200,0,3,0,1781,1791168420,2026-10-05 09:47:38
2423,51-HCM Nha Be/Phu Xuan Hub,1791133200,0,13,0,13,1791168420,2026-10-05 09:47:38
2019,51-HCM Nha Be/Phuoc Kien Hub,1791133200,0,23,0,308,1791168420,2026-10-05 09:47:38
4627,51-HCM Phan Van Khoe CH,1791133200,0,232,0,0,1791168420,2026-10-05 09:47:38
2291,51-HCM Phu Nhuan/Phan Xich Long Hub,1791133200,0,48,0,254,1791168420,2026-10-05 09:47:38
2379,51-HCM Phu Nhuan/Truong Sa Hub,1791133200,0,77,0,30,1791168420,2026-10-05 09:47:38
4229,51-HCM PN/Cau Kieu Hub,1791133200,0,22,0,189,1791168420,2026-10-05 09:47:38
5023,51-HCM Tan Binh/Bay Hien Hub,1791133200,0,20,0,50,1791168420,2026-10-05 09:47:38
2238,51-HCM Tan Binh/Phuong 14 Hub,1791133200,0,10,0,135,1791168420,2026-10-05 09:47:38
4438,51-HCM Tan Binh/Tan Son Hoa Hub,1791133200,0,5,0,410,1791168420,2026-10-05 09:47:38
4940,51-HCM Tan Binh/Tan Son Nhat Hub,1791133200,0,6,0,50,1791168420,2026-10-05 09:47:38
5421,51-HCM Tan Binh/Truong Chinh Hub,1791133200,0,10,0,275,1791168420,2026-10-05 09:47:38
2883,51-HCM Tan Phu/Kenh Tan Hoa Hub,1791133200,0,15,0,583,1791168420,2026-10-05 09:47:38
2064,51-HCM Tan Phu/Le Trong Tan Hub,1791133200,0,0,0,260,1791168420,2026-10-05 09:47:38
2289,51-HCM Tan Phu/Phan Anh Hub,1791133200,0,10,0,796,1791168420,2026-10-05 09:47:38
2292,51-HCM Tan Phu/Phu Tho Hoa Hub,1791133200,0,83,0,599,1791168420,2026-10-05 09:47:39
2452,51-HCM Tan Phu/Son Ky Hub,1791133200,0,18,0,281,1791168420,2026-10-05 09:47:39
2420,51-HCM Tan Phu/Tan Son Nhi Hub,1791133200,0,5,0,293,1791168420,2026-10-05 09:47:39
2422,51-HCM Tan Phu/Tan Thanh Hub,1791133200,0,5,0,688,1791168420,2026-10-05 09:47:39
2237,51-HCM Tan Phu/Tan Thoi Hoa Hub,1791133200,0,5,0,1605,1791168420,2026-10-05 09:47:39
1866,51-HCM Thu Duc/Binh Chieu Hub,1791133200,0,9,0,1392,1791168420,2026-10-05 09:47:39
2444,51-HCM Thu Duc/Hiep Binh Chanh Hub,1791133200,0,1,0,5,1791168420,2026-10-05 09:47:39
2239,51-HCM Thu Duc/Linh Dong Hub,1791133200,0,0,0,392,1791168420,2026-10-05 09:47:39
2241,51-HCM Thu Duc/Linh Xuan Hub,1791133200,0,6,0,106,1791168420,2026-10-05 09:47:39
2425,51-HCM Thu Duc/Ngo Chi Quoc Hub,1791133200,0,33,0,1,1791168420,2026-10-05 09:47:39
4232,52-HCM SDD-01 Hub,1791133200,0,1,0,6712,1791168420,2026-10-05 09:47:39
5667,53-HCM Bulky 02 DC,1791133200,0,15,77,16,1791168420,2026-10-05 09:47:39
4297,53-HCM Bulky DC,1791133200,0,0,43,84,1791168420,2026-10-05 09:47:39
5815,53-HCM EV VAN,1791133200,0,0,0,194,1791168420,2026-10-05 09:47:39
5742,54-HCM FM 01 Hub,1791133200,0,0,0,16838,1791168420,2026-10-05 09:47:39
