station_id,station_name,lm_hub_backlog_gte_1d_order_qty_td,lm_hub_leg_backlog_gte_1d_order_qty_td,lm_hub_to_deliver_backlog_eq_1d_order_qty_td,lm_hub_to_deliver_backlog_eq_2d_order_qty_td,lm_hub_to_deliver_backlog_eq_3d_order_qty_td,lm_hub_to_deliver_backlog_eq_4d_order_qty_td,lm_hub_to_deliver_backlog_eq_5d_order_qty_td,lm_hub_to_deliver_backlog_eq_6d_order_qty_td,lm_hub_to_deliver_backlog_gte_7d_order_qty_td,fetched_at
302,50-HCM Binh Chanh/Le Minh Xuan Hub,129,158,76,29,10,6,3,5,0,2026-10-02 14:30:42
91,50-HCM Binh Chanh/Phong Phu Hub,152,200,94,41,14,2,0,0,1,2026-10-02 14:30:42
1047,50-HCM Binh Chanh/Tan Tuc Hub,240,274,142,48,28,9,5,3,4,2026-10-02 14:30:42
166,50-HCM Binh Chanh/Vinh Loc Hub,995,1157,659,180,71,32,26,12,14,2026-10-02 14:30:42
41,50-HCM Binh Tan Hub,176,293,99,45,16,9,3,4,0,2026-10-02 14:30:45
917,50-HCM Binh Tan/An Lac Hub,544,630,331,132,48,16,9,2,6,2026-10-02 14:30:45
912,50-HCM Binh Thanh/VTB Hub,411,619,266,57,53,17,6,1,11,2026-10-02 14:30:45
384,50-HCM Can Gio Hub,463,467,254,116,42,22,14,10,5,2026-10-02 14:30:45
304,50-HCM Cu Chi Hub,86,98,50,16,11,3,3,3,0,2026-10-02 14:30:45
381,50-HCM D11 Hub,197,234,121,41,16,1,5,2,10,2026-10-02 14:30:45
397,50-HCM D12/An Suong Hub,125,146,61,32,17,10,2,1,2,2026-10-02 14:30:45
168,50-HCM D2 Hub,83,120,47,22,10,2,2,0,0,2026-10-02 14:30:45
573,50-HCM D2/An Phu Hub,232,370,133,57,21,9,6,3,3,2026-10-02 14:30:46
26,50-HCM D4 Hub,1418,1636,852,280,146,39,36,17,48,2026-10-02 14:30:46
341,50-HCM D6 Hub,131,139,68,26,16,5,7,3,3,2026-10-02 14:30:46
58,50-HCM D7 Hub,524,604,300,90,62,18,18,9,24,2026-10-02 14:30:46
25,50-HCM D8 Hub,891,962,563,164,96,28,18,7,7,2026-10-02 14:30:46
979,50-HCM D9/Duong Dinh Hoi Hub,116,155,67,38,6,4,0,0,1,2026-10-02 14:30:46
919,50-HCM D9/Man Thien Hub,82,92,55,10,13,3,0,0,1,2026-10-02 14:30:46
370,50-HCM D9/Truong Thanh Hub,56,68,39,7,5,1,3,0,1,2026-10-02 14:30:46
196,50-HCM Nha Be Hub,232,264,119,55,22,22,8,2,4,2026-10-02 14:30:46
393,50-HCM Phu Nhuan/Phuong 4 Hub,138,162,73,28,17,5,6,0,1,2026-10-02 14:30:46
444,50-HCM Phu Nhuan/Phuong 8 Hub,93,120,53,18,12,4,5,0,1,2026-10-02 14:30:47
915,50-HCM Tan Binh/Bach Dang Hub,591,721,415,107,31,13,9,7,9,2026-10-02 14:30:47
1082,50-HCM Tan Phu/Tan Quy Hub,121,194,70,24,15,5,3,2,1,2026-10-02 14:30:47
10,50-HCM Thu Duc Hub,256,305,140,47,30,16,5,1,17,2026-10-02 14:30:47
423,50-HCM Thu Duc/Hiep Binh Phuoc Hub,206,280,132,44,17,4,2,2,4,2026-10-02 14:30:47
93,50-HCM Thu Duc/Linh Trung Hub,402,479,213,86,50,22,9,8,14,2026-10-02 14:30:47
5420,51-HCM Bay Hien/Tai Thiet Hub,247,288,170,52,14,7,3,1,0,2026-10-02 14:30:47
2177,51-HCM Binh Chanh/Binh Hung Hub,265,327,156,54,26,17,5,3,4,2026-10-02 14:30:47
4719,51-HCM Binh Chanh/Tan Quy Tay Hub,166,178,92,32,20,14,4,1,2,2026-10-02 14:30:47
4628,51-HCM Binh Chanh/Tan Vinh Loc Hub,303,394,167,58,36,17,10,3,11,2026-10-02 14:30:47
2440,51-HCM Binh Chanh/Tran Van Giau Hub,114,144,88,11,7,3,4,0,1,2026-10-02 14:30:47
2011,51-HCM Binh Chanh/Vinh Loc A Hub,632,719,333,215,47,17,14,3,3,2026-10-02 14:30:47
1877,51-HCM Binh Tan/Binh Hung Hoa B Hub,267,340,181,51,18,9,1,5,2,2026-10-02 14:30:48
2053,51-HCM Binh Tan/Binh Tri Dong A Hub,244,309,163,41,22,7,3,0,3,2026-10-02 14:30:48
5036,51-HCM Binh Tan/Binh Tri Dong B Hub,684,830,422,154,42,28,10,1,10,2026-10-02 14:30:48
5419,51-HCM Binh Tan/Nguyen Thi Tu Hub,473,554,199,36,27,11,7,0,0,2026-10-02 14:30:48
5876,51-HCM Binh Thanh/Binh Loi Trung Hub,114,224,60,21,12,4,5,0,1,2026-10-02 14:30:48
5661,51-HCM Binh Thanh/Binh Quoi Hub,438,641,309,77,25,5,9,4,7,2026-10-02 14:30:48
6143,51-HCM Binh Thanh/Phan Van Tri Hub,114,149,68,21,11,7,5,2,0,2026-10-02 14:30:48
2095,51-HCM Binh Thanh/Phuong 12 Hub,675,1025,472,111,48,25,7,4,8,2026-10-02 14:30:48
5731,51-HCM Can Gio/Binh Khanh Hub,172,178,78,34,33,8,9,5,5,2026-10-02 14:30:48
2442,51-HCM Cu Chi/Binh My Hub,263,282,152,39,31,22,7,1,7,2026-10-02 14:30:48
2199,51-HCM Cu Chi/Phuoc Hiep Hub,100,121,46,24,17,7,1,2,2,2026-10-02 14:30:49
6164,51-HCM Cu Chi/Tan An Hoi Hub,72,86,44,10,10,5,2,1,0,2026-10-02 14:30:49
2149,51-HCM Cu Chi/Tan Phu Trung Hub,514,524,54,22,13,10,27,25,363,2026-10-02 14:30:49
1387,51-HCM Cu Chi/Tan Thanh Dong Hub,90,141,52,21,10,3,2,1,0,2026-10-02 14:30:49
1390,51-HCM Cu Chi/Trung Lap Thuong Hub,102,122,54,29,12,3,3,0,1,2026-10-02 14:30:49
4228,51-HCM D10/Dien Hong Hub,233,307,145,53,23,6,5,0,1,2026-10-02 14:30:49
4625,51-HCM D10/Hoa Hung Hub,426,540,278,82,29,11,8,1,17,2026-10-02 14:30:49
5039,51-HCM D10/Truong Son Hub,358,423,190,74,39,21,6,8,20,2026-10-02 14:30:49
4293,51-HCM D11/Binh Thoi Hub,46,61,29,8,6,1,2,0,0,2026-10-02 14:30:49
2318,51-HCM D11/Phuong 15 Hub,65,88,39,17,6,0,2,0,1,2026-10-02 14:30:49
2421,51-HCM D12/Dong Hung Thuan Hub,45,62,29,6,8,1,1,0,0,2026-10-02 14:30:49
2396,51-HCM D12/Le Thi Rieng Hub,121,130,61,28,17,3,6,2,0,2026-10-02 14:30:49
2316,51-HCM D12/Le Van Khuong Hub,178,207,140,15,9,6,4,3,0,2026-10-02 14:30:50
4785,51-HCM D12/Nguyen Van Qua Hub,147,180,97,23,11,7,8,1,0,2026-10-02 14:30:50
1872,51-HCM D12/Thanh Loc Hub,258,365,183,28,21,12,8,2,4,2026-10-02 14:30:50
2260,51-HCM D12/Thanh Xuan Hub,278,355,171,58,22,15,2,3,7,2026-10-02 14:30:50
1808,51-HCM D12/Thoi An Hub,186,227,107,48,18,7,5,0,1,2026-10-02 14:30:50
5662,51-HCM D12/Vuon Lai Hub,192,204,131,31,19,6,4,0,0,2026-10-02 14:30:50
2110,51-HCM D2/An Khanh Hub,128,194,63,50,8,5,1,0,1,2026-10-02 14:30:50
2020,51-HCM D2/Cat Lai Hub,193,276,108,53,18,6,2,0,6,2026-10-02 14:30:50
2453,51-HCM D2/Thao Dien Hub,156,242,89,43,12,3,1,1,7,2026-10-02 14:30:51
5798,51-HCM D3/Ban Co Hub,165,188,98,39,13,5,4,0,2,2026-10-02 14:30:51
4623,51-HCM D3/Nhieu Loc Hub,72,100,33,25,6,3,4,0,1,2026-10-02 14:30:51
5422,51-HCM D6/Kinh Duong Vuong Hub,264,298,165,49,27,13,4,2,3,2026-10-02 14:30:51
2473,51-HCM D7/Bui Van Ba Hub,277,341,192,48,22,9,4,0,2,2026-10-02 14:30:51
2063,51-HCM D7/Dao Tri Hub,847,976,624,142,47,19,8,3,4,2026-10-02 14:30:51
2021,51-HCM D7/Huynh Tan Phat Hub,165,199,89,43,19,8,5,0,1,2026-10-02 14:30:51
2109,51-HCM D7/Nguyen Van Linh Hub,171,252,115,33,13,3,2,1,4,2026-10-02 14:30:51
2191,51-HCM D7/Tan Kieng Hub,143,235,102,22,8,5,3,0,3,2026-10-02 14:30:51
4439,51-HCM D8/Ben Binh Dong Hub,79,99,50,20,6,3,0,0,0,2026-10-02 14:30:51
2190,51-HCM D8/Bui Minh Truc Hub,93,109,45,19,17,4,5,3,0,2026-10-02 14:30:51
6087,51-HCM D8/KDC Binh Hung Hub,54,65,26,13,7,4,2,1,1,2026-10-02 14:30:51
6479,51-HCM D8/Pham The Hien Hub,0,0,0,0,0,0,0,0,0,2026-10-02 14:30:52
5120,51-HCM D8/Phu Dinh Hub,261,296,152,63,21,12,6,1,5,2026-10-02 14:30:52
2317,51-HCM D8/Tung Thien Vuong Hub,153,190,91,29,21,5,3,3,1,2026-10-02 14:30:52
2108,51-HCM D9/Hoang Huu Nam Hub,126,187,89,20,7,3,4,0,3,2026-10-02 14:30:52
5418,51-HCM D9/Lien Phuong Hub,171,194,103,45,11,6,3,3,0,2026-10-02 14:30:52
2290,51-HCM D9/Long Binh Hub,383,444,246,71,36,10,9,4,7,2026-10-02 14:30:52
4626,51-HCM D9/Long Truong Hub,103,135,60,17,16,7,0,0,3,2026-10-02 14:30:52
2200,51-HCM D9/Nguyen Van Tang Hub,262,312,169,51,20,7,3,3,9,2026-10-02 14:30:52
2107,51-HCM D9/Phu Huu Hub,56,72,32,14,5,2,0,0,0,2026-10-02 14:30:52
2060,51-HCM D9/Phuoc Long B Hub,208,342,136,42,17,6,0,1,6,2026-10-02 14:30:52
2397,51-HCM D9/Tang Nhon Phu B Hub,83,102,45,15,11,10,2,0,0,2026-10-02 14:30:53
2443,51-HCM D9/Xa Lo Ha Noi Hub,75,100,47,18,3,5,1,0,1,2026-10-02 14:30:53
2061,51-HCM Go Vap/Le Duc Tho Hub,151,233,91,20,12,5,6,2,15,2026-10-02 14:30:53
4230,51-HCM Go Vap/Nguyen Van Khoi Hub,166,213,92,32,24,4,5,8,1,2026-10-02 14:30:53
2240,51-HCM Go Vap/Pham Van Chieu Hub,189,278,121,37,20,7,1,1,2,2026-10-02 14:30:53
2094,51-HCM Go Vap/Phan Huy Ich Hub,956,1313,646,180,60,33,15,8,13,2026-10-02 14:30:53
2503,51-HCM Go Vap/Phuong 15 Hub,94,126,53,22,10,6,1,1,1,2026-10-02 14:30:53
2378,51-HCM Go Vap/Phuong 17 Hub,319,428,190,75,22,12,8,2,8,2026-10-02 14:30:53
4011,51-HCM Go Vap/Phuong 5 Hub,226,284,157,33,14,7,2,3,10,2026-10-02 14:30:53
4718,51-HCM Hoc Mon/Dong Thanh 1 Hub,141,171,65,22,21,13,8,7,5,2026-10-02 14:30:53
2055,51-HCM Hoc Mon/Dong Thanh Hub,16,34,6,6,3,0,0,1,0,2026-10-02 14:30:54
2288,51-HCM Hoc Mon/Nguyen Thi Soc Hub,128,181,60,33,19,12,1,0,3,2026-10-02 14:30:54
2139,51-HCM Hoc Mon/Tan Thoi Nhi Hub,144,191,102,23,10,2,7,0,0,2026-10-02 14:30:54
5981,51-HCM Hoc Mon/Thi Tran Hub,136,206,75,23,15,6,9,2,4,2026-10-02 14:30:54
4624,51-HCM Hoc Mon/Thoi Tam Thon Hub,414,470,243,80,40,19,17,8,7,2026-10-02 14:30:54
4012,51-HCM Hoc Mon/Xuan Thoi Son Hub,145,172,70,37,20,11,3,2,2,2026-10-02 14:30:54
1775,51-HCM Hoc Mon/Xuan Thoi Thuong Hub,204,262,114,46,21,9,11,2,1,2026-10-02 14:30:54
3986,51-HCM Le Hong Phong 02 CH,0,0,0,0,0,0,0,0,0,2026-10-02 14:30:54
5819,51-HCM Nha Be/Hiep Phuoc Hub,200,282,122,28,28,13,3,2,4,2026-10-02 14:30:54
2423,51-HCM Nha Be/Phu Xuan Hub,237,245,155,44,19,13,3,2,1,2026-10-02 14:30:54
2019,51-HCM Nha Be/Phuoc Kien Hub,1129,1163,577,183,112,58,47,20,106,2026-10-02 14:30:54
4627,51-HCM Phan Van Khoe CH,0,0,0,0,0,0,0,0,0,2026-10-02 14:30:55
2291,51-HCM Phu Nhuan/Phan Xich Long Hub,92,104,53,19,10,3,4,1,2,2026-10-02 14:30:55
2379,51-HCM Phu Nhuan/Truong Sa Hub,25,27,11,5,5,4,0,0,0,2026-10-02 14:30:55
4229,51-HCM PN/Cau Kieu Hub,109,119,82,16,5,2,1,0,3,2026-10-02 14:30:55
5023,51-HCM Tan Binh/Bay Hien Hub,137,181,87,32,7,5,0,1,5,2026-10-02 14:30:55
2238,51-HCM Tan Binh/Phuong 14 Hub,97,133,51,25,11,3,1,1,5,2026-10-02 14:30:55
4438,51-HCM Tan Binh/Tan Son Hoa Hub,608,756,420,119,42,12,4,1,10,2026-10-02 14:30:55
4940,51-HCM Tan Binh/Tan Son Nhat Hub,128,190,88,22,9,8,0,1,0,2026-10-02 14:30:55
5421,51-HCM Tan Binh/Truong Chinh Hub,143,191,101,27,4,2,3,3,3,2026-10-02 14:30:55
2883,51-HCM Tan Phu/Kenh Tan Hoa Hub,168,218,108,33,20,1,4,0,2,2026-10-02 14:30:55
2064,51-HCM Tan Phu/Le Trong Tan Hub,163,237,107,26,13,10,3,1,3,2026-10-02 14:30:55
2289,51-HCM Tan Phu/Phan Anh Hub,82,118,41,19,12,2,2,2,4,2026-10-02 14:30:56
2292,51-HCM Tan Phu/Phu Tho Hoa Hub,227,350,143,51,12,11,3,2,5,2026-10-02 14:30:56
2452,51-HCM Tan Phu/Son Ky Hub,93,139,51,13,14,6,5,2,2,2026-10-02 14:30:56
2420,51-HCM Tan Phu/Tan Son Nhi Hub,102,159,60,21,7,8,1,1,2,2026-10-02 14:30:56
2422,51-HCM Tan Phu/Tan Thanh Hub,117,182,68,16,26,3,2,2,0,2026-10-02 14:30:56
2237,51-HCM Tan Phu/Tan Thoi Hoa Hub,47,60,27,11,1,1,3,2,2,2026-10-02 14:30:56
1866,51-HCM Thu Duc/Binh Chieu Hub,139,182,80,31,13,8,2,1,4,2026-10-02 14:30:56
2444,51-HCM Thu Duc/Hiep Binh Chanh Hub,327,432,196,47,30,8,12,2,23,2026-10-02 14:30:56
2239,51-HCM Thu Duc/Linh Dong Hub,209,253,98,41,19,9,8,7,27,2026-10-02 14:30:56
2241,51-HCM Thu Duc/Linh Xuan Hub,231,281,112,48,35,16,6,6,8,2026-10-02 14:30:56
2425,51-HCM Thu Duc/Ngo Chi Quoc Hub,142,206,70,44,11,11,4,1,1,2026-10-02 14:30:56
4232,52-HCM SDD-01 Hub,534,564,439,10,2,10,1,4,35,2026-10-02 14:30:57
5667,53-HCM Bulky 02 DC,162,170,139,20,3,0,0,0,0,2026-10-02 14:30:57
4297,53-HCM Bulky DC,227,294,197,21,8,0,0,0,1,2026-10-02 14:30:57
5815,53-HCM EV VAN,0,0,0,0,0,0,0,0,0,2026-10-02 14:30:57
5742,54-HCM FM 01 Hub,3,4,0,1,1,0,0,0,1,2026-10-02 14:30:57
