station_id,station_name,backlog_d0,total_backlog D-1,to_deliver_1d,to_deliver_2d,to_deliver_3d,to_deliver_4d,to_deliver_5d,to_deliver_6d,to_deliver_gte_7d,fetched_at
302,50-HCM Binh Chanh/Le Minh Xuan Hub,,284,205,52,12,6,4,1,4,2026-10-05 09:47:33
91,50-HCM Binh Chanh/Phong Phu Hub,1915,261,188,40,12,9,7,4,1,2026-10-05 09:47:33
1047,50-HCM Binh Chanh/Tan Tuc Hub,4084,797,567,141,31,16,10,1,5,2026-10-05 09:47:33
166,50-HCM Binh Chanh/Vinh Loc Hub,5408,1372,823,263,122,71,34,22,35,2026-10-05 09:47:33
41,50-HCM Binh Tan Hub,,368,286,52,17,8,5,0,0,2026-10-05 09:47:36
917,50-HCM Binh Tan/An Lac Hub,,1068,739,234,58,17,8,4,8,2026-10-05 09:47:37
912,50-HCM Binh Thanh/VTB Hub,8203,1706,1293,330,53,10,4,2,13,2026-10-05 09:47:38
384,50-HCM Can Gio Hub,2880,742,460,144,77,32,23,0,6,2026-10-05 09:47:38
304,50-HCM Cu Chi Hub,1790,247,185,30,10,15,6,1,0,2026-10-05 09:47:38
381,50-HCM D11 Hub,,855,658,141,28,16,2,0,9,2026-10-05 09:47:38
397,50-HCM D12/An Suong Hub,1520,245,160,47,21,13,2,1,0,2026-10-05 09:47:39
168,50-HCM D2 Hub,2132,476,380,82,9,5,0,0,0,2026-10-05 09:47:40
573,50-HCM D2/An Phu Hub,4667,1258,911,278,46,10,4,0,1,2026-10-05 09:47:40
26,50-HCM D4 Hub,22613,9377,5650,3108,426,103,31,12,47,2026-10-05 09:47:41
341,50-HCM D6 Hub,,547,427,75,23,11,3,2,6,2026-10-05 09:47:42
58,50-HCM D7 Hub,7893,1759,1186,408,101,28,8,10,18,2026-10-05 09:47:43
25,50-HCM D8 Hub,9321,1096,771,207,72,29,11,2,4,2026-10-05 09:47:44
979,50-HCM D9/Duong Dinh Hoi Hub,1466,200,140,40,9,5,3,0,3,2026-10-05 09:47:45
919,50-HCM D9/Man Thien Hub,1934,220,153,39,15,6,0,0,1,2026-10-05 09:47:45
370,50-HCM D9/Truong Thanh Hub,1468,226,198,17,6,4,0,0,1,2026-10-05 09:47:46
196,50-HCM Nha Be Hub,1851,401,239,96,27,15,13,8,2,2026-10-05 09:47:47
393,50-HCM Phu Nhuan/Phuong 4 Hub,3967,1056,826,210,13,4,1,0,2,2026-10-05 09:47:48
444,50-HCM Phu Nhuan/Phuong 8 Hub,2740,817,643,144,11,6,1,3,2,2026-10-05 09:47:49
915,50-HCM Tan Binh/Bach Dang Hub,,3385,2436,799,113,15,9,2,9,2026-10-05 09:47:50
1082,50-HCM Tan Phu/Tan Quy Hub,,321,233,55,13,7,6,5,1,2026-10-05 09:47:51
10,50-HCM Thu Duc Hub,3758,802,556,145,48,24,2,3,17,2026-10-05 09:47:52
423,50-HCM Thu Duc/Hiep Binh Phuoc Hub,5486,897,708,148,22,7,4,0,4,2026-10-05 09:47:53
93,50-HCM Thu Duc/Linh Trung Hub,5237,1181,864,212,41,24,11,8,21,2026-10-05 09:47:54
5420,51-HCM Bay Hien/Tai Thiet Hub,,695,516,141,22,13,3,0,0,2026-10-05 09:47:54
2177,51-HCM Binh Chanh/Binh Hung Hub,4479,606,395,157,30,13,5,1,4,2026-10-05 09:47:55
4719,51-HCM Binh Chanh/Tan Quy Tay Hub,1954,232,169,34,18,4,4,1,2,2026-10-05 09:47:56
4628,51-HCM Binh Chanh/Tan Vinh Loc Hub,3298,665,452,120,36,23,15,5,14,2026-10-05 09:47:57
2440,51-HCM Binh Chanh/Tran Van Giau Hub,,346,263,49,26,5,1,1,1,2026-10-05 09:47:57
2011,51-HCM Binh Chanh/Vinh Loc A Hub,1875,310,202,47,15,6,15,9,7,2026-10-05 09:47:58
1877,51-HCM Binh Tan/Binh Hung Hoa B Hub,5894,642,474,111,38,12,5,1,0,2026-10-05 09:47:59
2053,51-HCM Binh Tan/Binh Tri Dong A Hub,4524,1182,946,157,46,10,7,1,2,2026-10-05 09:48:00
5036,51-HCM Binh Tan/Binh Tri Dong B Hub,8069,1840,1435,275,75,29,15,2,9,2026-10-05 09:48:00
5419,51-HCM Binh Tan/Nguyen Thi Tu Hub,4519,664,518,93,32,12,3,1,0,2026-10-05 09:48:01
5876,51-HCM Binh Thanh/Binh Loi Trung Hub,3207,507,387,101,11,4,1,1,0,2026-10-05 09:48:02
5661,51-HCM Binh Thanh/Binh Quoi Hub,4800,1018,768,180,39,14,9,0,7,2026-10-05 09:48:03
6143,51-HCM Binh Thanh/Phan Van Tri Hub,2913,531,389,120,19,2,0,0,1,2026-10-05 09:48:04
2095,51-HCM Binh Thanh/Phuong 12 Hub,11490,2907,2056,658,133,30,14,8,8,2026-10-05 09:48:05
5731,51-HCM Can Gio/Binh Khanh Hub,907,416,263,81,29,15,10,10,8,2026-10-05 09:48:06
2442,51-HCM Cu Chi/Binh My Hub,2051,788,603,89,37,23,7,18,11,2026-10-05 09:48:07
2199,51-HCM Cu Chi/Phuoc Hiep Hub,1025,128,61,35,17,11,2,1,1,2026-10-05 09:48:08
6164,51-HCM Cu Chi/Tan An Hoi Hub,1450,291,208,63,10,7,1,2,0,2026-10-05 09:48:09
2149,51-HCM Cu Chi/Tan Phu Trung Hub,2248,797,318,28,15,12,10,1,413,2026-10-05 09:48:10
1387,51-HCM Cu Chi/Tan Thanh Dong Hub,2007,421,343,50,15,10,2,1,0,2026-10-05 09:48:11
1390,51-HCM Cu Chi/Trung Lap Thuong Hub,1467,296,229,44,12,8,2,1,0,2026-10-05 09:48:12
4228,51-HCM D10/Dien Hong Hub,,1375,1104,217,39,8,0,4,2,2026-10-05 09:48:13
4625,51-HCM D10/Hoa Hung Hub,,2105,1456,502,88,21,9,4,25,2026-10-05 09:48:14
5039,51-HCM D10/Truong Son Hub,,3611,2359,1047,124,31,20,10,20,2026-10-05 09:48:15
4293,51-HCM D11/Binh Thoi Hub,,245,194,43,6,2,0,0,0,2026-10-05 09:48:16
2318,51-HCM D11/Phuong 15 Hub,,466,326,120,11,5,2,1,1,2026-10-05 09:48:16
2421,51-HCM D12/Dong Hung Thuan Hub,1933,146,125,17,2,2,0,0,0,2026-10-05 09:48:16
2396,51-HCM D12/Le Thi Rieng Hub,2089,354,291,41,16,6,0,0,0,2026-10-05 09:48:16
2316,51-HCM D12/Le Van Khuong Hub,2670,463,383,59,14,7,0,0,0,2026-10-05 09:48:16
4785,51-HCM D12/Nguyen Van Qua Hub,2140,361,269,63,18,11,0,0,0,2026-10-05 09:48:17
1872,51-HCM D12/Thanh Loc Hub,4384,696,543,68,24,11,6,1,8,2026-10-05 09:48:18
2260,51-HCM D12/Thanh Xuan Hub,4585,1182,962,151,35,17,4,3,10,2026-10-05 09:48:19
1808,51-HCM D12/Thoi An Hub,4338,714,586,90,18,14,3,1,2,2026-10-05 09:48:19
5662,51-HCM D12/Vuon Lai Hub,2917,427,322,77,13,10,3,2,0,2026-10-05 09:48:20
2110,51-HCM D2/An Khanh Hub,3835,1231,938,255,25,5,4,1,1,2026-10-05 09:48:21
2020,51-HCM D2/Cat Lai Hub,3548,701,519,132,29,13,1,2,4,2026-10-05 09:48:22
2453,51-HCM D2/Thao Dien Hub,3730,1024,680,289,36,9,1,2,7,2026-10-05 09:48:23
5798,51-HCM D3/Ban Co Hub,,952,657,238,36,8,4,4,2,2026-10-05 09:48:24
4623,51-HCM D3/Nhieu Loc Hub,,305,216,67,11,7,1,1,2,2026-10-05 09:48:26
5422,51-HCM D6/Kinh Duong Vuong Hub,,961,765,148,23,13,6,2,4,2026-10-05 09:48:27
2473,51-HCM D7/Bui Van Ba Hub,7130,1766,1238,466,43,14,3,1,1,2026-10-05 09:48:27
2063,51-HCM D7/Dao Tri Hub,11218,2630,1687,782,111,33,13,2,2,2026-10-05 09:48:28
2021,51-HCM D7/Huynh Tan Phat Hub,4293,1042,629,365,34,6,7,1,0,2026-10-05 09:48:28
2109,51-HCM D7/Nguyen Van Linh Hub,4140,987,721,215,34,9,5,1,2,2026-10-05 09:48:28
2191,51-HCM D7/Tan Kieng Hub,3071,309,232,48,14,5,3,2,4,2026-10-05 09:48:29
4439,51-HCM D8/Ben Binh Dong Hub,2884,298,231,48,13,4,1,0,0,2026-10-05 09:48:30
2190,51-HCM D8/Bui Minh Truc Hub,1938,205,144,41,5,6,4,2,3,2026-10-05 09:48:31
6087,51-HCM D8/KDC Binh Hung Hub,1858,145,113,23,5,3,0,0,1,2026-10-05 09:48:31
6479,51-HCM D8/Pham The Hien Hub,,0,0,0,0,0,0,0,0,2026-10-05 09:48:33
5120,51-HCM D8/Phu Dinh Hub,5413,1387,970,348,50,9,4,3,3,2026-10-05 09:48:34
2317,51-HCM D8/Tung Thien Vuong Hub,3468,1127,930,134,30,13,12,4,4,2026-10-05 09:48:35
2108,51-HCM D9/Hoang Huu Nam Hub,2471,1050,653,370,16,6,3,0,2,2026-10-05 09:48:36
5418,51-HCM D9/Lien Phuong Hub,2631,489,376,63,29,9,7,2,3,2026-10-05 09:48:36
2290,51-HCM D9/Long Binh Hub,4498,958,698,155,59,23,9,7,6,2026-10-05 09:48:37
4626,51-HCM D9/Long Truong Hub,1537,200,132,43,9,7,5,1,2,2026-10-05 09:48:38
2200,51-HCM D9/Nguyen Van Tang Hub,3045,768,536,178,29,8,4,5,8,2026-10-05 09:48:39
2107,51-HCM D9/Phu Huu Hub,1283,147,114,20,8,2,2,1,0,2026-10-05 09:48:40
2060,51-HCM D9/Phuoc Long B Hub,2437,324,237,61,15,5,1,1,4,2026-10-05 09:48:41
2397,51-HCM D9/Tang Nhon Phu B Hub,1740,257,188,56,9,2,1,0,1,2026-10-05 09:48:42
2443,51-HCM D9/Xa Lo Ha Noi Hub,1457,280,239,28,9,2,1,0,1,2026-10-05 09:48:43
2061,51-HCM Go Vap/Le Duc Tho Hub,2237,277,209,44,11,5,1,3,3,2026-10-05 09:48:44
4230,51-HCM Go Vap/Nguyen Van Khoi Hub,3093,817,583,112,41,16,5,4,2,2026-10-05 09:48:45
2240,51-HCM Go Vap/Pham Van Chieu Hub,2601,296,214,52,18,9,1,0,2,2026-10-05 09:48:46
2094,51-HCM Go Vap/Phan Huy Ich Hub,11910,1996,1489,342,90,38,18,7,12,2026-10-05 09:48:47
2503,51-HCM Go Vap/Phuong 15 Hub,2296,267,201,42,13,6,3,0,2,2026-10-05 09:48:48
2378,51-HCM Go Vap/Phuong 17 Hub,4585,729,492,158,48,14,6,3,8,2026-10-05 09:48:50
4011,51-HCM Go Vap/Phuong 5 Hub,3011,506,392,73,19,8,6,0,8,2026-10-05 09:48:51
4718,51-HCM Hoc Mon/Dong Thanh 1 Hub,1686,317,220,58,12,10,2,9,6,2026-10-05 09:48:52
2055,51-HCM Hoc Mon/Dong Thanh Hub,527,53,39,11,0,2,1,0,0,2026-10-05 09:48:53
2288,51-HCM Hoc Mon/Nguyen Thi Soc Hub,2481,333,267,38,17,7,3,0,1,2026-10-05 09:48:55
2139,51-HCM Hoc Mon/Tan Thoi Nhi Hub,769,199,139,33,11,8,7,1,0,2026-10-05 09:48:56
5981,51-HCM Hoc Mon/Thi Tran Hub,1992,329,226,56,19,15,6,3,3,2026-10-05 09:48:57
4624,51-HCM Hoc Mon/Thoi Tam Thon Hub,3315,577,405,95,33,23,9,7,5,2026-10-05 09:48:58
4012,51-HCM Hoc Mon/Xuan Thoi Son Hub,2075,539,424,70,23,13,7,0,2,2026-10-05 09:48:59
1775,51-HCM Hoc Mon/Xuan Thoi Thuong Hub,2695,690,605,42,24,9,2,3,5,2026-10-05 09:49:01
3986,51-HCM Le Hong Phong 02 CH,,0,0,0,0,0,0,0,0,2026-10-05 09:49:02
5819,51-HCM Nha Be/Hiep Phuoc Hub,1015,297,211,34,27,12,3,5,2,2026-10-05 09:49:03
2423,51-HCM Nha Be/Phu Xuan Hub,2428,467,328,89,26,18,3,1,2,2026-10-05 09:49:04
2019,51-HCM Nha Be/Phuoc Kien Hub,6666,1643,882,329,150,71,57,35,119,2026-10-05 09:49:06
4627,51-HCM Phan Van Khoe CH,,0,0,0,0,0,0,0,0,2026-10-05 09:49:06
2291,51-HCM Phu Nhuan/Phan Xich Long Hub,1458,364,257,92,6,6,0,0,3,2026-10-05 09:49:07
2379,51-HCM Phu Nhuan/Truong Sa Hub,613,61,47,8,4,0,2,0,0,2026-10-05 09:49:08
4229,51-HCM PN/Cau Kieu Hub,1447,522,364,123,18,11,2,1,3,2026-10-05 09:49:09
5023,51-HCM Tan Binh/Bay Hien Hub,,908,723,150,19,6,2,0,8,2026-10-05 09:49:10
2238,51-HCM Tan Binh/Phuong 14 Hub,,536,440,76,9,3,2,1,5,2026-10-05 09:49:11
4438,51-HCM Tan Binh/Tan Son Hoa Hub,8328,1455,1048,295,66,27,9,2,8,2026-10-05 09:49:12
4940,51-HCM Tan Binh/Tan Son Nhat Hub,,262,218,32,9,1,2,0,0,2026-10-05 09:49:13
5421,51-HCM Tan Binh/Truong Chinh Hub,,1076,706,329,21,9,5,0,4,2026-10-05 09:49:13
2883,51-HCM Tan Phu/Kenh Tan Hoa Hub,4012,750,593,110,29,10,6,1,1,2026-10-05 09:49:13
2064,51-HCM Tan Phu/Le Trong Tan Hub,,977,822,110,21,10,3,1,2,2026-10-05 09:49:14
2289,51-HCM Tan Phu/Phan Anh Hub,2668,467,402,45,9,6,2,0,3,2026-10-05 09:49:14
2292,51-HCM Tan Phu/Phu Tho Hoa Hub,5778,805,670,88,25,14,3,0,5,2026-10-05 09:49:15
2452,51-HCM Tan Phu/Son Ky Hub,,344,264,54,8,9,2,4,3,2026-10-05 09:49:16
2420,51-HCM Tan Phu/Tan Son Nhi Hub,,631,499,94,20,7,5,0,1,2026-10-05 09:49:17
2422,51-HCM Tan Phu/Tan Thanh Hub,,634,499,96,17,14,4,1,3,2026-10-05 09:49:17
2237,51-HCM Tan Phu/Tan Thoi Hoa Hub,,277,232,31,8,4,0,0,2,2026-10-05 09:49:17
1866,51-HCM Thu Duc/Binh Chieu Hub,3247,503,419,59,14,6,3,0,2,2026-10-05 09:49:18
2444,51-HCM Thu Duc/Hiep Binh Chanh Hub,4259,736,590,105,10,6,2,3,18,2026-10-05 09:49:19
2239,51-HCM Thu Duc/Linh Dong Hub,3905,719,519,104,37,10,11,3,35,2026-10-05 09:49:20
2241,51-HCM Thu Duc/Linh Xuan Hub,2265,712,561,73,37,20,12,4,5,2026-10-05 09:49:20
2425,51-HCM Thu Duc/Ngo Chi Quoc Hub,1898,430,334,64,22,6,3,0,1,2026-10-05 09:49:20
4232,52-HCM SDD-01 Hub,,127,52,11,9,9,1,9,33,2026-10-05 09:49:21
5667,53-HCM Bulky 02 DC,,375,295,55,18,5,2,0,0,2026-10-05 09:49:22
4297,53-HCM Bulky DC,,687,567,104,13,1,1,0,1,2026-10-05 09:49:23
5815,53-HCM EV VAN,,0,0,0,0,0,0,0,0,2026-10-05 09:49:24
5742,54-HCM FM 01 Hub,,3,1,0,0,0,0,0,1,2026-10-05 09:49:25
