station_id,station_name,lm_hub_inbounded_order_qty_eod,lm_hub_delivered_order_qty_eod,data_from_time,lm_hub_avg_daily_delivered_order_qty_7d,lm_hub_avg_daily_returned_to_seller_order_qty_7d,lm_hub_return_inbounded_order_qty_eod,lm_hub_returned_to_seller_order_qty_eod,max_time,update_at_timestamp,fetched_at
302,50-HCM Binh Chanh/Le Minh Xuan Hub,1623,1922,1790874000,2063,,0,0,1790926048,1790926020,2026-10-02 14:30:42
91,50-HCM Binh Chanh/Phong Phu Hub,4550,4709,1790874000,4836,,0,0,1790926048,1790926020,2026-10-02 14:30:42
1047,50-HCM Binh Chanh/Tan Tuc Hub,5666,6406,1790874000,6794,,0,0,1790926048,1790926020,2026-10-02 14:30:42
166,50-HCM Binh Chanh/Vinh Loc Hub,6542,3853,1790874000,5461,,0,0,1790926048,1790926020,2026-10-02 14:30:42
41,50-HCM Binh Tan Hub,8528,5819,1790874000,7049,,0,0,1790926048,1790926020,2026-10-02 14:30:45
917,50-HCM Binh Tan/An Lac Hub,9842,6269,1790874000,8203,,0,0,1790926048,1790926020,2026-10-02 14:30:45
912,50-HCM Binh Thanh/VTB Hub,9845,9405,1790874000,12449,,0,0,1790926048,1790926020,2026-10-02 14:30:45
384,50-HCM Can Gio Hub,3104,2429,1790874000,2506,,0,0,1790926048,1790926020,2026-10-02 14:30:45
304,50-HCM Cu Chi Hub,2525,3216,1790874000,3384,,0,0,1790926048,1790926020,2026-10-02 14:30:45
381,50-HCM D11 Hub,6494,7328,1790874000,7594,,0,0,1790926048,1790926020,2026-10-02 14:30:46
397,50-HCM D12/An Suong Hub,2682,3485,1790874000,3384,,0,0,1790926048,1790926020,2026-10-02 14:30:46
168,50-HCM D2 Hub,2923,4117,1790874000,4339,,0,0,1790926048,1790926020,2026-10-02 14:30:46
573,50-HCM D2/An Phu Hub,5566,5368,1790874000,7015,,0,0,1790926048,1790926020,2026-10-02 14:30:46
26,50-HCM D4 Hub,18874,19036,1790874000,21649,,0,0,1790926048,1790926020,2026-10-02 14:30:46
341,50-HCM D6 Hub,4377,5296,1790874000,5303,,0,0,1790926048,1790926020,2026-10-02 14:30:46
58,50-HCM D7 Hub,8415,8220,1790874000,9877,,0,0,1790926048,1790926020,2026-10-02 14:30:46
25,50-HCM D8 Hub,10788,9058,1790874000,12334,,0,0,1790926048,1790926020,2026-10-02 14:30:46
979,50-HCM D9/Duong Dinh Hoi Hub,2933,3183,1790874000,3624,,0,0,1790926048,1790926020,2026-10-02 14:30:46
919,50-HCM D9/Man Thien Hub,3361,3492,1790874000,3970,,1,0,1790926222,1790926200,2026-10-02 14:30:46
370,50-HCM D9/Truong Thanh Hub,2085,1952,1790874000,2550,,0,0,1790926222,1790926200,2026-10-02 14:30:47
196,50-HCM Nha Be Hub,2209,1817,1790874000,2452,,0,0,1790926222,1790926200,2026-10-02 14:30:47
393,50-HCM Phu Nhuan/Phuong 4 Hub,5726,4664,1790874000,5272,,0,0,1790926222,1790926200,2026-10-02 14:30:47
444,50-HCM Phu Nhuan/Phuong 8 Hub,2293,2790,1790874000,2976,,0,0,1790926222,1790926200,2026-10-02 14:30:47
915,50-HCM Tan Binh/Bach Dang Hub,8694,9806,1790874000,10512,,0,0,1790926222,1790926200,2026-10-02 14:30:47
1082,50-HCM Tan Phu/Tan Quy Hub,3543,3601,1790874000,4445,,0,0,1790926222,1790926200,2026-10-02 14:30:47
10,50-HCM Thu Duc Hub,4591,4208,1790874000,5422,,0,0,1790926222,1790926200,2026-10-02 14:30:47
423,50-HCM Thu Duc/Hiep Binh Phuoc Hub,5217,5248,1790874000,6521,,3,0,1790926222,1790926200,2026-10-02 14:30:48
93,50-HCM Thu Duc/Linh Trung Hub,6600,7234,1790874000,7979,,0,0,1790926222,1790926200,2026-10-02 14:30:48
5420,51-HCM Bay Hien/Tai Thiet Hub,4922,5248,1790874000,5775,,0,0,1790926222,1790926200,2026-10-02 14:30:48
2177,51-HCM Binh Chanh/Binh Hung Hub,6858,6319,1790874000,8055,,0,0,1790926222,1790926200,2026-10-02 14:30:48
4719,51-HCM Binh Chanh/Tan Quy Tay Hub,3179,3625,1790874000,3586,,0,0,1790926222,1790926200,2026-10-02 14:30:48
4628,51-HCM Binh Chanh/Tan Vinh Loc Hub,2845,2408,1790874000,3252,,0,0,1790926222,1790926200,2026-10-02 14:30:48
2440,51-HCM Binh Chanh/Tran Van Giau Hub,2037,1228,1790874000,1662,,1,0,1790926222,1790926200,2026-10-02 14:30:48
2011,51-HCM Binh Chanh/Vinh Loc A Hub,2213,2312,1790874000,2308,,0,0,1790926222,1790926200,2026-10-02 14:30:48
1877,51-HCM Binh Tan/Binh Hung Hoa B Hub,5429,4585,1790874000,5852,,0,0,1790926222,1790926200,2026-10-02 14:30:48
2053,51-HCM Binh Tan/Binh Tri Dong A Hub,5034,4592,1790874000,5498,,0,0,1790926222,1790926200,2026-10-02 14:30:49
5036,51-HCM Binh Tan/Binh Tri Dong B Hub,10029,10546,1790874000,12183,,0,0,1790926222,1790926200,2026-10-02 14:30:49
5419,51-HCM Binh Tan/Nguyen Thi Tu Hub,5668,5632,1790874000,6692,,0,0,1790926222,1790926200,2026-10-02 14:30:49
5876,51-HCM Binh Thanh/Binh Loi Trung Hub,3396,2642,1790874000,4467,,0,0,1790926222,1790926200,2026-10-02 14:30:49
5661,51-HCM Binh Thanh/Binh Quoi Hub,4995,4489,1790874000,6474,,0,0,1790926222,1790926200,2026-10-02 14:30:49
6143,51-HCM Binh Thanh/Phan Van Tri Hub,3335,4018,1790874000,4679,,0,0,1790926222,1790926200,2026-10-02 14:30:49
2095,51-HCM Binh Thanh/Phuong 12 Hub,13076,11926,1790874000,16247,,0,0,1790926222,1790926200,2026-10-02 14:30:49
5731,51-HCM Can Gio/Binh Khanh Hub,997,481,1790874000,800,,0,0,1790926222,1790926200,2026-10-02 14:30:49
2442,51-HCM Cu Chi/Binh My Hub,1777,1943,1790874000,2489,,0,0,1790926222,1790926200,2026-10-02 14:30:50
2199,51-HCM Cu Chi/Phuoc Hiep Hub,1322,1341,1790874000,1707,,0,0,1790926222,1790926200,2026-10-02 14:30:50
6164,51-HCM Cu Chi/Tan An Hoi Hub,2333,2323,1790874000,2568,,0,0,1790926222,1790926200,2026-10-02 14:30:50
2149,51-HCM Cu Chi/Tan Phu Trung Hub,1861,2089,1790874000,2415,,0,0,1790926222,1790926200,2026-10-02 14:30:50
1387,51-HCM Cu Chi/Tan Thanh Dong Hub,2310,2740,1790874000,3072,,0,0,1790926222,1790926200,2026-10-02 14:30:50
1390,51-HCM Cu Chi/Trung Lap Thuong Hub,1531,1672,1790874000,2273,,0,0,1790926222,1790926200,2026-10-02 14:30:50
4228,51-HCM D10/Dien Hong Hub,7896,7825,1790874000,8949,,1,0,1790926222,1790926200,2026-10-02 14:30:50
4625,51-HCM D10/Hoa Hung Hub,8380,8008,1790874000,9612,,0,0,1790926222,1790926200,2026-10-02 14:30:50
5039,51-HCM D10/Truong Son Hub,8142,8070,1790874000,9227,,0,0,1790926222,1790926200,2026-10-02 14:30:50
4293,51-HCM D11/Binh Thoi Hub,2189,2349,1790874000,2501,,0,0,1790926222,1790926200,2026-10-02 14:30:51
2318,51-HCM D11/Phuong 15 Hub,1564,1470,1790874000,1872,,0,0,1790926222,1790926200,2026-10-02 14:30:51
2421,51-HCM D12/Dong Hung Thuan Hub,1855,2229,1790874000,2576,,0,0,1790926222,1790926200,2026-10-02 14:30:51
2396,51-HCM D12/Le Thi Rieng Hub,2435,2430,1790874000,3159,,0,0,1790926222,1790926200,2026-10-02 14:30:51
2316,51-HCM D12/Le Van Khuong Hub,2462,2133,1790874000,3015,,0,0,1790926222,1790926200,2026-10-02 14:30:51
4785,51-HCM D12/Nguyen Van Qua Hub,2428,2061,1790874000,3055,,0,0,1790926222,1790926200,2026-10-02 14:30:51
1872,51-HCM D12/Thanh Loc Hub,4127,3523,1790874000,4460,,0,0,1790926222,1790926200,2026-10-02 14:30:51
2260,51-HCM D12/Thanh Xuan Hub,3543,3742,1790874000,4920,,0,0,1790926222,1790926200,2026-10-02 14:30:52
1808,51-HCM D12/Thoi An Hub,3885,4242,1790874000,5490,,0,0,1790926222,1790926200,2026-10-02 14:30:52
5662,51-HCM D12/Vuon Lai Hub,3487,3618,1790874000,4732,,0,0,1790926222,1790926200,2026-10-02 14:30:52
2110,51-HCM D2/An Khanh Hub,4165,4620,1790874000,5341,,0,0,1790926222,1790926200,2026-10-02 14:30:52
2020,51-HCM D2/Cat Lai Hub,5853,6618,1790874000,8093,,0,0,1790926222,1790926200,2026-10-02 14:30:52
2453,51-HCM D2/Thao Dien Hub,3786,3662,1790874000,4491,,0,0,1790926222,1790926200,2026-10-02 14:30:52
5798,51-HCM D3/Ban Co Hub,4054,4045,1790874000,4587,,0,0,1790926222,1790926200,2026-10-02 14:30:52
4623,51-HCM D3/Nhieu Loc Hub,1711,1878,1790874000,1802,,0,0,1790926222,1790926200,2026-10-02 14:30:52
5422,51-HCM D6/Kinh Duong Vuong Hub,7035,7359,1790874000,8261,,0,0,1790926222,1790926200,2026-10-02 14:30:53
2473,51-HCM D7/Bui Van Ba Hub,9289,9327,1790874000,10382,,0,0,1790926222,1790926200,2026-10-02 14:30:53
2063,51-HCM D7/Dao Tri Hub,12534,11365,1790874000,14463,,0,0,1790926222,1790926200,2026-10-02 14:30:53
2021,51-HCM D7/Huynh Tan Phat Hub,6746,7701,1790874000,7578,,0,0,1790926048,1790926020,2026-10-02 14:30:53
2109,51-HCM D7/Nguyen Van Linh Hub,4454,4516,1790874000,5142,,36,0,1790926222,1790926200,2026-10-02 14:30:53
2191,51-HCM D7/Tan Kieng Hub,4844,4677,1790874000,5544,,0,0,1790926222,1790926200,2026-10-02 14:30:53
4439,51-HCM D8/Ben Binh Dong Hub,3990,2833,1790874000,3817,,0,0,1790926222,1790926200,2026-10-02 14:30:53
2190,51-HCM D8/Bui Minh Truc Hub,2761,3047,1790874000,3094,,0,0,1790926222,1790926200,2026-10-02 14:30:53
6087,51-HCM D8/KDC Binh Hung Hub,2146,2253,1790874000,2535,,0,0,1790926222,1790926200,2026-10-02 14:30:53
6479,51-HCM D8/Pham The Hien Hub,0,0,1790874000,,,0,0,1790926222,1790926200,2026-10-02 14:30:53
5120,51-HCM D8/Phu Dinh Hub,6449,6158,1790874000,6412,,0,0,1790926222,1790926200,2026-10-02 14:30:54
2317,51-HCM D8/Tung Thien Vuong Hub,4448,4010,1790874000,4734,,0,0,1790926222,1790926200,2026-10-02 14:30:54
2108,51-HCM D9/Hoang Huu Nam Hub,2239,2106,1790874000,2981,,0,0,1790926222,1790926200,2026-10-02 14:30:54
5418,51-HCM D9/Lien Phuong Hub,3353,3758,1790874000,4192,,0,0,1790926222,1790926200,2026-10-02 14:30:54
2290,51-HCM D9/Long Binh Hub,5258,4674,1790874000,6514,,0,0,1790926222,1790926200,2026-10-02 14:30:54
4626,51-HCM D9/Long Truong Hub,2580,2378,1790874000,2978,,0,0,1790926222,1790926200,2026-10-02 14:30:54
2200,51-HCM D9/Nguyen Van Tang Hub,3605,3195,1790874000,4567,,0,0,1790926222,1790926200,2026-10-02 14:30:54
2107,51-HCM D9/Phu Huu Hub,1775,1636,1790874000,2189,,0,0,1790926222,1790926200,2026-10-02 14:30:54
2060,51-HCM D9/Phuoc Long B Hub,4187,4139,1790874000,5058,,0,0,1790926222,1790926200,2026-10-02 14:30:55
2397,51-HCM D9/Tang Nhon Phu B Hub,2555,2417,1790874000,3426,,0,0,1790926222,1790926200,2026-10-02 14:30:55
2443,51-HCM D9/Xa Lo Ha Noi Hub,2513,2301,1790874000,2900,,0,0,1790926222,1790926200,2026-10-02 14:30:55
2061,51-HCM Go Vap/Le Duc Tho Hub,2493,2368,1790874000,3200,,0,0,1790926222,1790926200,2026-10-02 14:30:55
4230,51-HCM Go Vap/Nguyen Van Khoi Hub,2450,3043,1790874000,3634,,0,0,1790926222,1790926200,2026-10-02 14:30:55
2240,51-HCM Go Vap/Pham Van Chieu Hub,2916,2623,1790874000,3709,,0,0,1790926222,1790926200,2026-10-02 14:30:55
2094,51-HCM Go Vap/Phan Huy Ich Hub,13223,12672,1790874000,17587,,0,0,1790926222,1790926200,2026-10-02 14:30:55
2503,51-HCM Go Vap/Phuong 15 Hub,2671,2812,1790874000,3499,,0,0,1790926222,1790926200,2026-10-02 14:30:55
2378,51-HCM Go Vap/Phuong 17 Hub,4897,4944,1790874000,6099,,0,0,1790926222,1790926200,2026-10-02 14:30:56
4011,51-HCM Go Vap/Phuong 5 Hub,3776,3631,1790874000,4766,,0,0,1790926222,1790926200,2026-10-02 14:30:56
4718,51-HCM Hoc Mon/Dong Thanh 1 Hub,2257,2760,1790874000,3040,,0,0,1790926222,1790926200,2026-10-02 14:30:56
2055,51-HCM Hoc Mon/Dong Thanh Hub,520,662,1790874000,750,,0,0,1790926222,1790926200,2026-10-02 14:30:56
2288,51-HCM Hoc Mon/Nguyen Thi Soc Hub,3202,2756,1790874000,4038,,0,0,1790926222,1790926200,2026-10-02 14:30:56
2139,51-HCM Hoc Mon/Tan Thoi Nhi Hub,817,645,1790874000,1180,,0,0,1790926222,1790926200,2026-10-02 14:30:56
5981,51-HCM Hoc Mon/Thi Tran Hub,1847,1905,1790874000,2511,,0,0,1790926222,1790926200,2026-10-02 14:30:56
4624,51-HCM Hoc Mon/Thoi Tam Thon Hub,2861,2799,1790874000,3811,,0,0,1790926222,1790926200,2026-10-02 14:30:56
4012,51-HCM Hoc Mon/Xuan Thoi Son Hub,2534,3252,1790874000,3365,,0,0,1790926222,1790926200,2026-10-02 14:30:56
1775,51-HCM Hoc Mon/Xuan Thoi Thuong Hub,2146,2038,1790874000,2837,,0,0,1790926222,1790926200,2026-10-02 14:30:57
3986,51-HCM Le Hong Phong 02 CH,0,0,1790874000,,,0,0,1790926222,1790926200,2026-10-02 14:30:57
5819,51-HCM Nha Be/Hiep Phuoc Hub,876,500,1790874000,1005,,0,0,1790926222,1790926200,2026-10-02 14:30:57
2423,51-HCM Nha Be/Phu Xuan Hub,4068,3897,1790874000,4545,,0,0,1790926222,1790926200,2026-10-02 14:30:57
2019,51-HCM Nha Be/Phuoc Kien Hub,6110,6288,1790874000,7749,,0,0,1790926222,1790926200,2026-10-02 14:30:57
4627,51-HCM Phan Van Khoe CH,0,0,1790874000,,,0,0,1790926222,1790926200,2026-10-02 14:30:57
2291,51-HCM Phu Nhuan/Phan Xich Long Hub,1918,1793,1790874000,2356,,0,0,1790926222,1790926200,2026-10-02 14:30:57
2379,51-HCM Phu Nhuan/Truong Sa Hub,1036,1246,1790874000,1302,,0,0,1790926222,1790926200,2026-10-02 14:30:58
4229,51-HCM PN/Cau Kieu Hub,1763,1917,1790874000,2214,,0,0,1790926222,1790926200,2026-10-02 14:30:58
5023,51-HCM Tan Binh/Bay Hien Hub,3165,3221,1790874000,3530,,0,0,1790926222,1790926200,2026-10-02 14:30:58
2238,51-HCM Tan Binh/Phuong 14 Hub,3930,4295,1790874000,4095,,0,0,1790926222,1790926200,2026-10-02 14:30:58
4438,51-HCM Tan Binh/Tan Son Hoa Hub,10662,12440,1790874000,12854,,0,0,1790926222,1790926200,2026-10-02 14:30:58
4940,51-HCM Tan Binh/Tan Son Nhat Hub,3153,3096,1790874000,3563,,0,0,1790926222,1790926200,2026-10-02 14:30:58
5421,51-HCM Tan Binh/Truong Chinh Hub,4216,4427,1790874000,5154,,0,0,1790926222,1790926200,2026-10-02 14:30:58
2883,51-HCM Tan Phu/Kenh Tan Hoa Hub,5309,4245,1790874000,5274,,0,0,1790926222,1790926200,2026-10-02 14:30:58
2064,51-HCM Tan Phu/Le Trong Tan Hub,4214,3882,1790874000,5201,,0,0,1790926222,1790926200,2026-10-02 14:30:58
2289,51-HCM Tan Phu/Phan Anh Hub,2211,2104,1790874000,2639,,0,0,1790926222,1790926200,2026-10-02 14:30:59
2292,51-HCM Tan Phu/Phu Tho Hoa Hub,7022,6309,1790874000,8282,,0,0,1790926222,1790926200,2026-10-02 14:30:59
2452,51-HCM Tan Phu/Son Ky Hub,3645,3177,1790874000,4255,,0,0,1790926222,1790926200,2026-10-02 14:30:59
2420,51-HCM Tan Phu/Tan Son Nhi Hub,2324,2571,1790874000,3138,,0,0,1790926222,1790926200,2026-10-02 14:30:59
2422,51-HCM Tan Phu/Tan Thanh Hub,4331,4782,1790874000,5441,,0,0,1790926222,1790926200,2026-10-02 14:30:59
2237,51-HCM Tan Phu/Tan Thoi Hoa Hub,1699,2062,1790874000,2137,,0,0,1790926222,1790926200,2026-10-02 14:30:59
1866,51-HCM Thu Duc/Binh Chieu Hub,3063,3902,1790874000,4318,,0,0,1790926222,1790926200,2026-10-02 14:31:00
2444,51-HCM Thu Duc/Hiep Binh Chanh Hub,8224,7007,1790874000,8561,,0,0,1790926222,1790926200,2026-10-02 14:31:00
2239,51-HCM Thu Duc/Linh Dong Hub,4071,3729,1790874000,5192,,0,0,1790926222,1790926200,2026-10-02 14:31:00
2241,51-HCM Thu Duc/Linh Xuan Hub,2504,2369,1790874000,2975,,0,0,1790926222,1790926200,2026-10-02 14:31:00
2425,51-HCM Thu Duc/Ngo Chi Quoc Hub,2800,2731,1790874000,3539,,0,0,1790926222,1790926200,2026-10-02 14:31:00
4232,52-HCM SDD-01 Hub,30504,15072,1790874000,55787,,2,0,1790926222,1790926200,2026-10-02 14:31:01
5667,53-HCM Bulky 02 DC,305,643,1790874000,930,,1,0,1790926222,1790926200,2026-10-02 14:31:01
4297,53-HCM Bulky DC,554,2448,1790874000,2514,8,0,0,1790926222,1790926200,2026-10-02 14:31:01
5815,53-HCM EV VAN,0,0,1790874000,,,0,0,1790926222,1790926200,2026-10-02 14:31:01
5742,54-HCM FM 01 Hub,46,0,1790874000,,,0,0,1790926222,1790926200,2026-10-02 14:31:01
