station_id,station_name,lm_hub_inbounded_order_qty_eod,lm_hub_delivered_order_qty_eod,total_outbounded_order_qty_eoh,total_picked_order_qty_eoh
302,50-HCM Binh Chanh/Le Minh Xuan Hub,700,458,0,1782
91,50-HCM Binh Chanh/Phong Phu Hub,1613,1820,0,1304
1047,50-HCM Binh Chanh/Tan Tuc Hub,2541,1450,0,2923
166,50-HCM Binh Chanh/Vinh Loc Hub,1717,534,0,1801
41,50-HCM Binh Tan Hub,2541,1133,0,2785
917,50-HCM Binh Tan/An Lac Hub,4384,501,0,0
912,50-HCM Binh Thanh/VTB Hub,3472,1513,0,1641
384,50-HCM Can Gio Hub,2092,94,155,11
304,50-HCM Cu Chi Hub,872,706,0,13
381,50-HCM D11 Hub,2142,887,0,2807
397,50-HCM D12/An Suong Hub,902,938,0,358
168,50-HCM D2 Hub,1327,1508,0,1457
573,50-HCM D2/An Phu Hub,1919,1484,0,530
26,50-HCM D4 Hub,7694,3606,0,94
341,50-HCM D6 Hub,1795,873,0,541
58,50-HCM D7 Hub,3434,736,0,304
25,50-HCM D8 Hub,4147,794,0,1980
979,50-HCM D9/Duong Dinh Hoi Hub,680,926,0,1903
919,50-HCM D9/Man Thien Hub,1069,812,0,2372
370,50-HCM D9/Truong Thanh Hub,626,316,0,1435
196,50-HCM Nha Be Hub,901,281,0,1289
393,50-HCM Phu Nhuan/Phuong 4 Hub,1383,719,0,84
444,50-HCM Phu Nhuan/Phuong 8 Hub,723,410,0,133
915,50-HCM Tan Binh/Bach Dang Hub,3736,2797,0,179
1082,50-HCM Tan Phu/Tan Quy Hub,1168,859,0,438
10,50-HCM Thu Duc Hub,1278,725,0,240
423,50-HCM Thu Duc/Hiep Binh Phuoc Hub,1535,1041,0,4389
93,50-HCM Thu Duc/Linh Trung Hub,2100,1259,0,634
5420,51-HCM Bay Hien/Tai Thiet Hub,1964,903,0,735
2177,51-HCM Binh Chanh/Binh Hung Hub,2914,1505,0,639
4719,51-HCM Binh Chanh/Tan Quy Tay Hub,1425,748,0,367
4628,51-HCM Binh Chanh/Tan Vinh Loc Hub,1249,172,0,700
2440,51-HCM Binh Chanh/Tran Van Giau Hub,1034,157,0,1461
2011,51-HCM Binh Chanh/Vinh Loc A Hub,963,435,4,642
1877,51-HCM Binh Tan/Binh Hung Hoa B Hub,2200,732,0,7746
2053,51-HCM Binh Tan/Binh Tri Dong A Hub,2059,496,0,0
5036,51-HCM Binh Tan/Binh Tri Dong B Hub,4204,2369,0,9
5419,51-HCM Binh Tan/Nguyen Thi Tu Hub,2390,965,0,3
5876,51-HCM Binh Thanh/Binh Loi Trung Hub,1339,325,0,393
5661,51-HCM Binh Thanh/Binh Quoi Hub,1659,438,0,208
6143,51-HCM Binh Thanh/Phan Van Tri Hub,1368,1054,0,450
2095,51-HCM Binh Thanh/Phuong 12 Hub,4165,2673,0,242
5731,51-HCM Can Gio/Binh Khanh Hub,440,32,113,1
2442,51-HCM Cu Chi/Binh My Hub,584,343,0,9
2199,51-HCM Cu Chi/Phuoc Hiep Hub,374,195,0,50
6164,51-HCM Cu Chi/Tan An Hoi Hub,563,424,0,6
2149,51-HCM Cu Chi/Tan Phu Trung Hub,482,349,0,216
1387,51-HCM Cu Chi/Tan Thanh Dong Hub,708,423,0,20
1390,51-HCM Cu Chi/Trung Lap Thuong Hub,574,350,0,8
4228,51-HCM D10/Dien Hong Hub,3609,942,0,192
4625,51-HCM D10/Hoa Hung Hub,3261,1181,0,683
5039,51-HCM D10/Truong Son Hub,3192,686,0,8
4293,51-HCM D11/Binh Thoi Hub,771,388,0,887
2318,51-HCM D11/Phuong 15 Hub,713,309,0,36
2421,51-HCM D12/Dong Hung Thuan Hub,985,509,0,21
2396,51-HCM D12/Le Thi Rieng Hub,701,392,0,2937
2316,51-HCM D12/Le Van Khuong Hub,848,273,0,822
4785,51-HCM D12/Nguyen Van Qua Hub,791,517,0,596
1872,51-HCM D12/Thanh Loc Hub,2443,423,0,1735
2260,51-HCM D12/Thanh Xuan Hub,1218,304,0,1580
1808,51-HCM D12/Thoi An Hub,1539,378,0,5829
5662,51-HCM D12/Vuon Lai Hub,1252,706,0,2467
2110,51-HCM D2/An Khanh Hub,1467,1194,0,93
2020,51-HCM D2/Cat Lai Hub,1884,1991,0,115
2453,51-HCM D2/Thao Dien Hub,1206,411,0,65
5798,51-HCM D3/Ban Co Hub,1476,1038,0,7
4623,51-HCM D3/Nhieu Loc Hub,567,209,0,33
5422,51-HCM D6/Kinh Duong Vuong Hub,2807,619,0,505
2473,51-HCM D7/Bui Van Ba Hub,3640,1916,0,999
2063,51-HCM D7/Dao Tri Hub,4937,951,0,2420
2021,51-HCM D7/Huynh Tan Phat Hub,2582,1957,0,156
2109,51-HCM D7/Nguyen Van Linh Hub,1640,537,0,36
2191,51-HCM D7/Tan Kieng Hub,1979,926,0,843
4439,51-HCM D8/Ben Binh Dong Hub,1207,117,0,13
2190,51-HCM D8/Bui Minh Truc Hub,1026,622,0,465
6087,51-HCM D8/KDC Binh Hung Hub,844,178,0,118
6479,51-HCM D8/Pham The Hien Hub,0,0,,
5120,51-HCM D8/Phu Dinh Hub,2420,1239,0,2
2317,51-HCM D8/Tung Thien Vuong Hub,1127,974,0,386
2108,51-HCM D9/Hoang Huu Nam Hub,662,388,0,373
5418,51-HCM D9/Lien Phuong Hub,1006,645,0,380
2290,51-HCM D9/Long Binh Hub,1571,530,0,679
4626,51-HCM D9/Long Truong Hub,869,546,0,176
2200,51-HCM D9/Nguyen Van Tang Hub,1190,651,0,52
2107,51-HCM D9/Phu Huu Hub,598,364,0,179
2060,51-HCM D9/Phuoc Long B Hub,1384,1105,0,1165
2397,51-HCM D9/Tang Nhon Phu B Hub,784,812,0,431
2443,51-HCM D9/Xa Lo Ha Noi Hub,693,558,0,60
2061,51-HCM Go Vap/Le Duc Tho Hub,805,373,0,431
4230,51-HCM Go Vap/Nguyen Van Khoi Hub,1036,674,0,384
2240,51-HCM Go Vap/Pham Van Chieu Hub,939,256,0,428
2094,51-HCM Go Vap/Phan Huy Ich Hub,4097,2743,0,4043
2503,51-HCM Go Vap/Phuong 15 Hub,932,388,0,1903
2378,51-HCM Go Vap/Phuong 17 Hub,2494,941,0,722
4011,51-HCM Go Vap/Phuong 5 Hub,903,647,0,653
4718,51-HCM Hoc Mon/Dong Thanh 1 Hub,850,877,0,348
2055,51-HCM Hoc Mon/Dong Thanh Hub,139,133,0,0
2288,51-HCM Hoc Mon/Nguyen Thi Soc Hub,843,650,0,54
2139,51-HCM Hoc Mon/Tan Thoi Nhi Hub,10,63,0,1476
5981,51-HCM Hoc Mon/Thi Tran Hub,546,281,0,276
4624,51-HCM Hoc Mon/Thoi Tam Thon Hub,1041,259,0,1363
4012,51-HCM Hoc Mon/Xuan Thoi Son Hub,727,755,0,593
1775,51-HCM Hoc Mon/Xuan Thoi Thuong Hub,774,423,0,312
3986,51-HCM Le Hong Phong 02 CH,0,0,0,0
5819,51-HCM Nha Be/Hiep Phuoc Hub,380,50,0,1781
2423,51-HCM Nha Be/Phu Xuan Hub,1613,1152,0,13
2019,51-HCM Nha Be/Phuoc Kien Hub,2674,1001,0,308
4627,51-HCM Phan Van Khoe CH,0,0,0,0
2291,51-HCM Phu Nhuan/Phan Xich Long Hub,522,366,0,254
2379,51-HCM Phu Nhuan/Truong Sa Hub,307,267,0,30
4229,51-HCM PN/Cau Kieu Hub,576,651,0,189
5023,51-HCM Tan Binh/Bay Hien Hub,1172,773,0,50
2238,51-HCM Tan Binh/Phuong 14 Hub,1529,1132,0,135
4438,51-HCM Tan Binh/Tan Son Hoa Hub,4569,2118,0,410
4940,51-HCM Tan Binh/Tan Son Nhat Hub,1167,838,0,50
5421,51-HCM Tan Binh/Truong Chinh Hub,1853,913,0,275
2883,51-HCM Tan Phu/Kenh Tan Hoa Hub,1491,891,0,583
2064,51-HCM Tan Phu/Le Trong Tan Hub,1233,347,0,260
2289,51-HCM Tan Phu/Phan Anh Hub,699,296,0,796
2292,51-HCM Tan Phu/Phu Tho Hoa Hub,3234,810,0,599
2452,51-HCM Tan Phu/Son Ky Hub,1171,589,0,281
2420,51-HCM Tan Phu/Tan Son Nhi Hub,1077,452,0,293
2422,51-HCM Tan Phu/Tan Thanh Hub,1498,886,0,688
2237,51-HCM Tan Phu/Tan Thoi Hoa Hub,559,344,0,1605
1866,51-HCM Thu Duc/Binh Chieu Hub,1218,768,0,1392
2444,51-HCM Thu Duc/Hiep Binh Chanh Hub,1910,1609,0,5
2239,51-HCM Thu Duc/Linh Dong Hub,1362,261,0,392
2241,51-HCM Thu Duc/Linh Xuan Hub,626,433,0,106
2425,51-HCM Thu Duc/Ngo Chi Quoc Hub,906,697,0,1
4232,52-HCM SDD-01 Hub,239,7,0,6712
5667,53-HCM Bulky 02 DC,63,32,77,16
4297,53-HCM Bulky DC,50,225,43,84
5815,53-HCM EV VAN,0,0,0,194
5742,54-HCM FM 01 Hub,0,0,0,16838
