station_id,station_name,event_date_iso,scheduled_count,present_count,late_count,fte_count,os_count,bpo_count,attendance_pct,fetched_at
302,50-HCM Binh Chanh/Le Minh Xuan Hub,2026-10-02,7,7,0,0,0,0,100.0,2026-10-02 12:45:29
91,50-HCM Binh Chanh/Phong Phu Hub,2026-10-02,9,6,0,0,0,0,66.67,2026-10-02 12:45:29
166,50-HCM Binh Chanh/Vinh Loc Hub,2026-10-02,12,8,0,0,0,0,66.67,2026-10-02 12:45:29
41,50-HCM Binh Tan Hub,2026-10-02,14,11,0,0,0,0,78.57,2026-10-02 12:45:31
917,50-HCM Binh Tan/An Lac Hub,2026-10-02,7,7,0,0,0,0,100.0,2026-10-02 12:45:31
912,50-HCM Binh Thanh/VTB Hub,2026-10-02,9,5,3,6,3,1,55.56,2026-10-02 12:45:31
384,50-HCM Can Gio Hub,2026-10-02,2,2,0,0,0,0,100.0,2026-10-02 12:45:31
304,50-HCM Cu Chi Hub,2026-10-02,3,3,0,0,0,0,100.0,2026-10-02 12:45:32
381,50-HCM D11 Hub,2026-10-02,14,8,0,0,0,0,57.14,2026-10-02 12:45:32
397,50-HCM D12/An Suong Hub,2026-10-02,5,5,0,0,0,0,100.0,2026-10-02 12:45:32
168,50-HCM D2 Hub,2026-10-02,4,3,0,0,0,0,75.0,2026-10-02 12:45:32
58,50-HCM D7 Hub,2026-10-02,8,3,0,0,0,0,37.5,2026-10-02 12:45:33
25,50-HCM D8 Hub,2026-10-02,10,2,0,0,0,0,20.0,2026-10-02 12:45:33
979,50-HCM D9/Duong Dinh Hoi Hub,2026-10-02,5,3,0,0,0,0,60.0,2026-10-02 12:45:34
919,50-HCM D9/Man Thien Hub,2026-10-02,4,3,0,0,0,0,75.0,2026-10-02 12:45:34
370,50-HCM D9/Truong Thanh Hub,2026-10-02,5,3,0,0,0,0,60.0,2026-10-02 12:45:35
196,50-HCM Nha Be Hub,2026-10-02,7,4,0,0,0,0,57.14,2026-10-02 12:45:35
915,50-HCM Tan Binh/Bach Dang Hub,2026-10-02,12,8,0,0,0,0,66.67,2026-10-02 12:45:35
1082,50-HCM Tan Phu/Tan Quy Hub,2026-10-02,9,5,0,0,0,0,55.56,2026-10-02 12:45:36
10,50-HCM Thu Duc Hub,2026-10-02,8,6,0,0,0,0,75.0,2026-10-02 12:45:36
423,50-HCM Thu Duc/Hiep Binh Phuoc Hub,2026-10-02,38,24,0,0,0,0,63.16,2026-10-02 12:45:36
5420,51-HCM Bay Hien/Tai Thiet Hub,2026-10-02,9,5,0,0,0,0,55.56,2026-10-02 12:45:37
2177,51-HCM Binh Chanh/Binh Hung Hub,2026-10-02,11,8,0,0,0,0,72.73,2026-10-02 12:45:37
4719,51-HCM Binh Chanh/Tan Quy Tay Hub,2026-10-02,6,3,0,0,0,0,50.0,2026-10-02 12:45:37
4628,51-HCM Binh Chanh/Tan Vinh Loc Hub,2026-10-02,8,4,0,0,0,0,50.0,2026-10-02 12:45:37
2440,51-HCM Binh Chanh/Tran Van Giau Hub,2026-10-02,5,4,0,0,0,0,80.0,2026-10-02 12:45:38
2011,51-HCM Binh Chanh/Vinh Loc A Hub,2026-10-02,6,3,0,0,0,0,50.0,2026-10-02 12:45:38
2053,51-HCM Binh Tan/Binh Tri Dong A Hub,2026-10-02,6,5,0,0,0,0,83.33,2026-10-02 12:45:38
5036,51-HCM Binh Tan/Binh Tri Dong B Hub,2026-10-02,10,6,0,0,0,0,60.0,2026-10-02 12:45:39
5419,51-HCM Binh Tan/Nguyen Thi Tu Hub,2026-10-02,5,3,0,0,0,0,60.0,2026-10-02 12:45:39
5876,51-HCM Binh Thanh/Binh Loi Trung Hub,2026-10-02,9,4,0,0,0,0,44.44,2026-10-02 12:45:39
5661,51-HCM Binh Thanh/Binh Quoi Hub,2026-10-02,4,2,0,0,0,0,50.0,2026-10-02 12:45:39
6143,51-HCM Binh Thanh/Phan Van Tri Hub,2026-10-02,5,3,0,0,0,0,60.0,2026-10-02 12:45:39
2095,51-HCM Binh Thanh/Phuong 12 Hub,2026-10-02,13,10,0,0,0,0,76.92,2026-10-02 12:45:40
5731,51-HCM Can Gio/Binh Khanh Hub,2026-10-02,2,2,0,0,0,0,100.0,2026-10-02 12:45:40
2442,51-HCM Cu Chi/Binh My Hub,2026-10-02,4,2,0,0,0,0,50.0,2026-10-02 12:45:40
6164,51-HCM Cu Chi/Tan An Hoi Hub,2026-10-02,4,4,0,0,0,0,100.0,2026-10-02 12:45:40
2149,51-HCM Cu Chi/Tan Phu Trung Hub,2026-10-02,7,7,0,0,0,0,100.0,2026-10-02 12:45:41
1387,51-HCM Cu Chi/Tan Thanh Dong Hub,2026-10-02,5,3,0,0,0,0,60.0,2026-10-02 12:45:41
1390,51-HCM Cu Chi/Trung Lap Thuong Hub,2026-10-02,3,1,0,0,0,0,33.33,2026-10-02 12:45:41
4228,51-HCM D10/Dien Hong Hub,2026-10-02,10,7,0,0,0,0,70.0,2026-10-02 12:45:41
4293,51-HCM D11/Binh Thoi Hub,2026-10-02,8,4,0,0,0,0,50.0,2026-10-02 12:45:42
2318,51-HCM D11/Phuong 15 Hub,2026-10-02,2,1,0,0,0,0,50.0,2026-10-02 12:45:42
2421,51-HCM D12/Dong Hung Thuan Hub,2026-10-02,5,3,0,0,0,0,60.0,2026-10-02 12:45:43
2396,51-HCM D12/Le Thi Rieng Hub,2026-10-02,7,4,0,0,0,0,57.14,2026-10-02 12:45:43
2316,51-HCM D12/Le Van Khuong Hub,2026-10-02,8,5,0,0,0,0,62.5,2026-10-02 12:45:43
4785,51-HCM D12/Nguyen Van Qua Hub,2026-10-02,7,5,0,0,0,0,71.43,2026-10-02 12:45:44
5662,51-HCM D12/Vuon Lai Hub,2026-10-02,11,8,0,0,0,0,72.73,2026-10-02 12:45:45
2110,51-HCM D2/An Khanh Hub,2026-10-02,5,4,0,0,0,0,80.0,2026-10-02 12:45:45
2020,51-HCM D2/Cat Lai Hub,2026-10-02,6,4,0,0,0,0,66.67,2026-10-02 12:45:46
2453,51-HCM D2/Thao Dien Hub,2026-10-02,4,3,0,0,0,0,75.0,2026-10-02 12:45:46
4623,51-HCM D3/Nhieu Loc Hub,2026-10-02,3,1,0,0,0,0,33.33,2026-10-02 12:45:46
5422,51-HCM D6/Kinh Duong Vuong Hub,2026-10-02,10,7,0,0,0,0,70.0,2026-10-02 12:45:46
2063,51-HCM D7/Dao Tri Hub,2026-10-02,9,6,0,0,0,0,66.67,2026-10-02 12:45:47
2021,51-HCM D7/Huynh Tan Phat Hub,2026-10-02,6,4,0,0,0,0,66.67,2026-10-02 12:45:47
2109,51-HCM D7/Nguyen Van Linh Hub,2026-10-02,6,4,0,0,0,0,66.67,2026-10-02 12:45:47
2191,51-HCM D7/Tan Kieng Hub,2026-10-02,4,1,0,0,0,0,25.0,2026-10-02 12:45:48
4439,51-HCM D8/Ben Binh Dong Hub,2026-10-02,4,3,0,0,0,0,75.0,2026-10-02 12:45:48
2190,51-HCM D8/Bui Minh Truc Hub,2026-10-02,4,2,0,0,0,0,50.0,2026-10-02 12:45:48
6087,51-HCM D8/KDC Binh Hung Hub,2026-10-02,4,3,0,0,0,0,75.0,2026-10-02 12:45:48
2317,51-HCM D8/Tung Thien Vuong Hub,2026-10-02,6,4,0,0,0,0,66.67,2026-10-02 12:45:49
2108,51-HCM D9/Hoang Huu Nam Hub,2026-10-02,4,2,0,0,0,0,50.0,2026-10-02 12:45:49
5418,51-HCM D9/Lien Phuong Hub,2026-10-02,5,3,0,0,0,0,60.0,2026-10-02 12:45:49
2290,51-HCM D9/Long Binh Hub,2026-10-02,4,2,0,0,0,0,50.0,2026-10-02 12:45:50
4626,51-HCM D9/Long Truong Hub,2026-10-02,6,4,0,0,0,0,66.67,2026-10-02 12:45:50
2200,51-HCM D9/Nguyen Van Tang Hub,2026-10-02,5,3,0,0,0,0,60.0,2026-10-02 12:45:50
2107,51-HCM D9/Phu Huu Hub,2026-10-02,4,3,0,0,0,0,75.0,2026-10-02 12:45:51
2060,51-HCM D9/Phuoc Long B Hub,2026-10-02,4,2,0,0,0,0,50.0,2026-10-02 12:45:51
2397,51-HCM D9/Tang Nhon Phu B Hub,2026-10-02,4,3,0,0,0,0,75.0,2026-10-02 12:45:51
2443,51-HCM D9/Xa Lo Ha Noi Hub,2026-10-02,4,2,0,0,0,0,50.0,2026-10-02 12:45:52
2061,51-HCM Go Vap/Le Duc Tho Hub,2026-10-02,8,7,0,0,0,0,87.5,2026-10-02 12:45:52
4230,51-HCM Go Vap/Nguyen Van Khoi Hub,2026-10-02,5,2,0,0,0,0,40.0,2026-10-02 12:45:52
2240,51-HCM Go Vap/Pham Van Chieu Hub,2026-10-02,5,3,0,0,0,0,60.0,2026-10-02 12:45:52
2094,51-HCM Go Vap/Phan Huy Ich Hub,2026-10-02,32,14,0,0,0,0,43.75,2026-10-02 12:45:53
2503,51-HCM Go Vap/Phuong 15 Hub,2026-10-02,6,5,0,0,0,0,83.33,2026-10-02 12:45:53
2378,51-HCM Go Vap/Phuong 17 Hub,2026-10-02,7,5,0,0,0,0,71.43,2026-10-02 12:45:53
4011,51-HCM Go Vap/Phuong 5 Hub,2026-10-02,5,2,0,0,0,0,40.0,2026-10-02 12:45:53
4718,51-HCM Hoc Mon/Dong Thanh 1 Hub,2026-10-02,4,2,0,0,0,0,50.0,2026-10-02 12:45:54
2055,51-HCM Hoc Mon/Dong Thanh Hub,2026-10-02,2,1,0,0,0,0,50.0,2026-10-02 12:45:54
2288,51-HCM Hoc Mon/Nguyen Thi Soc Hub,2026-10-02,6,5,0,0,0,0,83.33,2026-10-02 12:45:54
2139,51-HCM Hoc Mon/Tan Thoi Nhi Hub,2026-10-02,4,2,0,0,0,0,50.0,2026-10-02 12:45:54
5981,51-HCM Hoc Mon/Thi Tran Hub,2026-10-02,4,4,0,0,0,0,100.0,2026-10-02 12:45:55
4624,51-HCM Hoc Mon/Thoi Tam Thon Hub,2026-10-02,7,4,0,0,0,0,57.14,2026-10-02 12:45:55
4012,51-HCM Hoc Mon/Xuan Thoi Son Hub,2026-10-02,6,4,0,0,0,0,66.67,2026-10-02 12:45:55
1775,51-HCM Hoc Mon/Xuan Thoi Thuong Hub,2026-10-02,6,4,0,0,0,0,66.67,2026-10-02 12:45:55
3986,51-HCM Le Hong Phong 02 CH,2026-10-02,2,1,0,0,0,0,50.0,2026-10-02 12:45:56
5819,51-HCM Nha Be/Hiep Phuoc Hub,2026-10-02,3,2,0,0,0,0,66.67,2026-10-02 12:45:56
2423,51-HCM Nha Be/Phu Xuan Hub,2026-10-02,5,2,0,0,0,0,40.0,2026-10-02 12:45:56
2019,51-HCM Nha Be/Phuoc Kien Hub,2026-10-02,6,2,0,0,0,0,33.33,2026-10-02 12:45:56
4627,51-HCM Phan Van Khoe CH,2026-10-02,2,1,0,0,0,0,50.0,2026-10-02 12:45:57
2291,51-HCM Phu Nhuan/Phan Xich Long Hub,2026-10-02,2,1,0,0,0,0,50.0,2026-10-02 12:45:57
2379,51-HCM Phu Nhuan/Truong Sa Hub,2026-10-02,2,1,0,0,0,0,50.0,2026-10-02 12:45:57
5023,51-HCM Tan Binh/Bay Hien Hub,2026-10-02,5,3,0,0,0,0,60.0,2026-10-02 12:45:58
2238,51-HCM Tan Binh/Phuong 14 Hub,2026-10-02,6,3,0,0,0,0,50.0,2026-10-02 12:45:58
4438,51-HCM Tan Binh/Tan Son Hoa Hub,2026-10-02,11,7,0,0,0,0,63.64,2026-10-02 12:45:58
4940,51-HCM Tan Binh/Tan Son Nhat Hub,2026-10-02,4,2,0,0,0,0,50.0,2026-10-02 12:45:58
5421,51-HCM Tan Binh/Truong Chinh Hub,2026-10-02,8,5,0,0,0,0,62.5,2026-10-02 12:45:59
2883,51-HCM Tan Phu/Kenh Tan Hoa Hub,2026-10-02,7,4,0,0,0,0,57.14,2026-10-02 12:45:59
2064,51-HCM Tan Phu/Le Trong Tan Hub,2026-10-02,10,6,0,0,0,0,60.0,2026-10-02 12:45:59
2289,51-HCM Tan Phu/Phan Anh Hub,2026-10-02,9,6,0,0,0,0,66.67,2026-10-02 12:45:59
2452,51-HCM Tan Phu/Son Ky Hub,2026-10-02,6,4,0,0,0,0,66.67,2026-10-02 12:46:00
2420,51-HCM Tan Phu/Tan Son Nhi Hub,2026-10-02,4,2,0,0,0,0,50.0,2026-10-02 12:46:00
2422,51-HCM Tan Phu/Tan Thanh Hub,2026-10-02,8,4,0,0,0,0,50.0,2026-10-02 12:46:00
2237,51-HCM Tan Phu/Tan Thoi Hoa Hub,2026-10-02,6,2,0,0,0,0,33.33,2026-10-02 12:46:00
1866,51-HCM Thu Duc/Binh Chieu Hub,2026-10-02,16,14,0,0,0,0,87.5,2026-10-02 12:46:01
2444,51-HCM Thu Duc/Hiep Binh Chanh Hub,2026-10-02,6,4,0,0,0,0,66.67,2026-10-02 12:46:01
2239,51-HCM Thu Duc/Linh Dong Hub,2026-10-02,5,3,0,0,0,0,60.0,2026-10-02 12:46:01
2241,51-HCM Thu Duc/Linh Xuan Hub,2026-10-02,7,4,0,0,0,0,57.14,2026-10-02 12:46:01
2425,51-HCM Thu Duc/Ngo Chi Quoc Hub,2026-10-02,3,2,0,0,0,0,66.67,2026-10-02 12:46:01
4232,52-HCM SDD-01 Hub,2026-10-02,37,28,0,0,0,0,75.68,2026-10-02 12:46:02
5667,53-HCM Bulky 02 DC,2026-10-02,14,4,0,0,0,0,28.57,2026-10-02 12:46:02
4297,53-HCM Bulky DC,2026-10-02,20,12,0,0,0,0,60.0,2026-10-02 12:46:02
5742,54-HCM FM 01 Hub,2026-10-02,42,28,0,0,0,0,66.67,2026-10-02 12:46:03
