station_id,station_name,grain,event_date,event_date_iso,event_id,slot_code,slot_display,event_status,labor_type,agency_id,agency_name,scheduled_headcount,actual_headcount,planned_headcount,staff_count,total_people,present_count,attendance_pct,off_count,not_yet_present_count,event_department_id,event_department_name,metric_notes,fetched_at
93,50-HCM Thu Duc/Linh Trung Hub,event,1790874000,2026-10-02,VNO93EVENT2610020002,04:00-09:00,[04:00-09:00] 04:00-09:00,2,OS,40,GRG,0,1,1,3,1,1,100.0,0,0,44,FM/LM,clock_fields_empty;off_from_leave_pay_type=0;total=planned_headcount,2026-10-02 09:36:42
93,50-HCM Thu Duc/Linh Trung Hub,event,1790874000,2026-10-02,VNO93EVENT2610020011,04:00-13:00,[04:00-13:00] 04:00-13:00,1,FTE,,,1,1,0,3,1,1,100.0,0,0,44,FM/LM,clock_fields_empty;off_from_leave_pay_type=0;total=scheduled_headcount,2026-10-02 09:36:42
93,50-HCM Thu Duc/Linh Trung Hub,event,1790874000,2026-10-02,VNO93EVENT2610020009,05:00-14:00,[05:00-14:00] 05:00-14:00,1,FTE,,,1,1,0,4,1,1,100.0,0,0,44,FM/LM,clock_fields_empty;off_from_leave_pay_type=0;total=scheduled_headcount,2026-10-02 09:36:42
93,50-HCM Thu Duc/Linh Trung Hub,event,1790874000,2026-10-02,VNO93EVENT2610020007,08:00-17:00,[08:00-17:00] 08:00-17:00,1,FTE,,,1,1,0,4,1,1,100.0,0,0,44,FM/LM,clock_fields_empty;off_from_leave_pay_type=0;total=scheduled_headcount,2026-10-02 09:36:42
93,50-HCM Thu Duc/Linh Trung Hub,event,1790874000,2026-10-02,VNO93EVENT2610020008,09:00-18:00,[09:00-18:00] 09:00-18:00,1,FTE,,,1,1,0,4,1,1,100.0,0,0,44,FM/LM,clock_fields_empty;off_from_leave_pay_type=0;total=scheduled_headcount,2026-10-02 09:36:42
93,50-HCM Thu Duc/Linh Trung Hub,event,1790874000,2026-10-02,VNO93EVENT2610020003,10:00-16:00,[10:00-16:00] 10:00-16:00,3,OS,40,GRG,0,0,1,4,1,0,0.0,0,1,44,FM/LM,clock_fields_empty;off_from_leave_pay_type=0;total=planned_headcount,2026-10-02 09:36:42
93,50-HCM Thu Duc/Linh Trung Hub,event,1790874000,2026-10-02,VNO93EVENT2610020005,11:00-20:00,[11:00-20:00] 11:00-20:00,3,FTE,,,2,0,0,4,2,0,0.0,0,2,44,FM/LM,clock_fields_empty;off_from_leave_pay_type=0;total=scheduled_headcount,2026-10-02 09:36:42
93,50-HCM Thu Duc/Linh Trung Hub,event,1790874000,2026-10-02,VNO93EVENT2610020010,12:00-21:00,[12:00-21:00] 12:00-21:00,3,FTE,,,1,0,0,4,1,0,0.0,0,1,44,FM/LM,clock_fields_empty;off_from_leave_pay_type=0;total=scheduled_headcount,2026-10-02 09:36:42
93,50-HCM Thu Duc/Linh Trung Hub,event,1790874000,2026-10-02,VNO93EVENT2610020006,14:00-23:00,[14:00-23:00] 14:00-23:00,0,FTE,,,1,0,0,3,1,0,0.0,0,1,44,FM/LM,clock_fields_empty;off_from_leave_pay_type=0;total=scheduled_headcount,2026-10-02 09:36:42
93,50-HCM Thu Duc/Linh Trung Hub,event,1790874000,2026-10-02,VNO93EVENT2610020001,16:00-23:00,[16:00-23:00] 16:00-23:00,0,FTE,,,0,0,0,11,11,0,0.0,0,11,999999,All,clock_fields_empty;off_from_leave_pay_type=0;total=staff_count_fallback,2026-10-02 09:36:42
93,50-HCM Thu Duc/Linh Trung Hub,event,1790874000,2026-10-02,VNO93EVENT2610020004,16:00-23:00,[16:00-23:00] 16:00-23:00,0,OS,40,GRG,0,0,2,3,2,0,0.0,0,2,44,FM/LM,clock_fields_empty;off_from_leave_pay_type=0;total=planned_headcount,2026-10-02 09:36:42
93,50-HCM Thu Duc/Linh Trung Hub,hub,1790874000,2026-10-02,,,,,MIX,,,8,5,4,47,8,5,62.5,0,3,,,hub_rollup;events=11;OS=3;FTE=8;clock_fields_empty;off_from_leave_pay_type=0;total=scheduled_headcount,2026-10-02 09:36:42
