station_id,station_name,event_date,event_date_iso,event_id,slot_code,slot_display,event_status,labor_type,agency_id,agency_name,scheduled_headcount,actual_headcount,planned_headcount,event_department_id,event_department_name,event_function_id,event_function_name,fetched_at
93,50-HCM Thu Duc/Linh Trung Hub,1790528400,2026-09-28,VNO93EVENT2609280001,04:00-09:00,[04:00-09:00] 04:00-09:00,2,FTE,,,0,0,0,44,FM/LM,,,2026-10-02 09:33:45
93,50-HCM Thu Duc/Linh Trung Hub,1790528400,2026-09-28,VNO93EVENT2609280008,05:00-14:00,[05:00-14:00] 05:00-14:00,2,FTE,,,3,3,0,44,FM/LM,,,2026-10-02 09:33:45
93,50-HCM Thu Duc/Linh Trung Hub,1790528400,2026-09-28,VNO93EVENT2609280005,08:00-17:00,[08:00-17:00] 08:00-17:00,2,FTE,,,1,1,0,44,FM/LM,,,2026-10-02 09:33:45
93,50-HCM Thu Duc/Linh Trung Hub,1790528400,2026-09-28,VNO93EVENT2609280009,09:00-18:00,[09:00-18:00] 09:00-18:00,2,FTE,,,1,1,0,44,FM/LM,,,2026-10-02 09:33:45
93,50-HCM Thu Duc/Linh Trung Hub,1790528400,2026-09-28,VNO93EVENT2609280002,10:00-16:00,[10:00-16:00] 10:00-16:00,2,OS,40,GRG,0,1,1,44,FM/LM,,,2026-10-02 09:33:45
93,50-HCM Thu Duc/Linh Trung Hub,1790528400,2026-09-28,VNO93EVENT2609280007,11:00-20:00,[11:00-20:00] 11:00-20:00,2,FTE,,,2,2,0,44,FM/LM,,,2026-10-02 09:33:45
93,50-HCM Thu Duc/Linh Trung Hub,1790528400,2026-09-28,VNO93EVENT2609280006,13:00-22:00,[13:00-22:00] 13:00-22:00,2,FTE,,,1,1,0,44,FM/LM,,,2026-10-02 09:33:45
93,50-HCM Thu Duc/Linh Trung Hub,1790528400,2026-09-28,VNO93EVENT2609280010,14:00-23:00,[14:00-23:00] 14:00-23:00,2,FTE,,,1,1,0,44,FM/LM,,,2026-10-02 09:33:45
93,50-HCM Thu Duc/Linh Trung Hub,1790528400,2026-09-28,VNO93EVENT2609280003,16:00-23:00,[16:00-23:00] 16:00-23:00,2,OS,40,GRG,0,3,4,44,FM/LM,,,2026-10-02 09:33:45
93,50-HCM Thu Duc/Linh Trung Hub,1790528400,2026-09-28,VNO93EVENT2609280004,16:00-23:00,[16:00-23:00] 16:00-23:00,2,FTE,,,0,0,0,999999,All,,,2026-10-02 09:33:45
93,50-HCM Thu Duc/Linh Trung Hub,1790614800,2026-09-29,VNO93EVENT2609290001,04:00-09:00,[04:00-09:00] 04:00-09:00,2,OS,40,GRG,0,1,1,44,FM/LM,,,2026-10-02 09:33:45
93,50-HCM Thu Duc/Linh Trung Hub,1790614800,2026-09-29,VNO93EVENT2609290009,04:00-13:00,[04:00-13:00] 04:00-13:00,2,FTE,,,2,2,0,44,FM/LM,,,2026-10-02 09:33:45
93,50-HCM Thu Duc/Linh Trung Hub,1790614800,2026-09-29,VNO93EVENT2609290008,05:00-14:00,[05:00-14:00] 05:00-14:00,2,FTE,,,1,1,0,44,FM/LM,,,2026-10-02 09:33:45
93,50-HCM Thu Duc/Linh Trung Hub,1790614800,2026-09-29,VNO93EVENT2609290005,08:00-17:00,[08:00-17:00] 08:00-17:00,2,FTE,,,1,1,0,44,FM/LM,,,2026-10-02 09:33:45
93,50-HCM Thu Duc/Linh Trung Hub,1790614800,2026-09-29,VNO93EVENT2609290002,10:00-16:00,[10:00-16:00] 10:00-16:00,2,OS,40,GRG,0,1,1,44,FM/LM,,,2026-10-02 09:33:45
93,50-HCM Thu Duc/Linh Trung Hub,1790614800,2026-09-29,VNO93EVENT2609290007,11:00-20:00,[11:00-20:00] 11:00-20:00,2,FTE,,,4,4,0,44,FM/LM,,,2026-10-02 09:33:45
93,50-HCM Thu Duc/Linh Trung Hub,1790614800,2026-09-29,VNO93EVENT2609290006,13:00-22:00,[13:00-22:00] 13:00-22:00,2,FTE,,,1,1,0,44,FM/LM,,,2026-10-02 09:33:45
93,50-HCM Thu Duc/Linh Trung Hub,1790614800,2026-09-29,VNO93EVENT2609290010,14:00-23:00,[14:00-23:00] 14:00-23:00,2,FTE,,,1,1,0,44,FM/LM,,,2026-10-02 09:33:45
93,50-HCM Thu Duc/Linh Trung Hub,1790614800,2026-09-29,VNO93EVENT2609290003,16:00-23:00,[16:00-23:00] 16:00-23:00,2,OS,40,GRG,0,2,2,44,FM/LM,,,2026-10-02 09:33:45
93,50-HCM Thu Duc/Linh Trung Hub,1790614800,2026-09-29,VNO93EVENT2609290004,16:00-23:00,[16:00-23:00] 16:00-23:00,2,FTE,,,0,0,0,999999,All,,,2026-10-02 09:33:45
93,50-HCM Thu Duc/Linh Trung Hub,1790701200,2026-09-30,VNO93EVENT2609300001,04:00-09:00,[04:00-09:00] 04:00-09:00,2,OS,40,GRG,0,1,1,44,FM/LM,,,2026-10-02 09:33:45
93,50-HCM Thu Duc/Linh Trung Hub,1790701200,2026-09-30,VNO93EVENT2609300010,04:00-13:00,[04:00-13:00] 04:00-13:00,2,FTE,,,2,2,0,44,FM/LM,,,2026-10-02 09:33:45
93,50-HCM Thu Duc/Linh Trung Hub,1790701200,2026-09-30,VNO93EVENT2609300008,05:00-14:00,[05:00-14:00] 05:00-14:00,2,FTE,,,1,1,0,44,FM/LM,,,2026-10-02 09:33:45
93,50-HCM Thu Duc/Linh Trung Hub,1790701200,2026-09-30,VNO93EVENT2609300005,08:00-17:00,[08:00-17:00] 08:00-17:00,2,FTE,,,1,1,0,44,FM/LM,,,2026-10-02 09:33:45
93,50-HCM Thu Duc/Linh Trung Hub,1790701200,2026-09-30,VNO93EVENT2609300009,09:00-18:00,[09:00-18:00] 09:00-18:00,2,FTE,,,1,1,0,44,FM/LM,,,2026-10-02 09:33:45
93,50-HCM Thu Duc/Linh Trung Hub,1790701200,2026-09-30,VNO93EVENT2609300004,10:00-16:00,[10:00-16:00] 10:00-16:00,2,OS,40,GRG,0,1,1,44,FM/LM,,,2026-10-02 09:33:45
93,50-HCM Thu Duc/Linh Trung Hub,1790701200,2026-09-30,VNO93EVENT2609300007,11:00-20:00,[11:00-20:00] 11:00-20:00,2,FTE,,,3,3,0,44,FM/LM,,,2026-10-02 09:33:45
93,50-HCM Thu Duc/Linh Trung Hub,1790701200,2026-09-30,VNO93EVENT2609300006,13:00-22:00,[13:00-22:00] 13:00-22:00,2,FTE,,,1,1,0,44,FM/LM,,,2026-10-02 09:33:45
93,50-HCM Thu Duc/Linh Trung Hub,1790701200,2026-09-30,VNO93EVENT2609300011,14:00-23:00,[14:00-23:00] 14:00-23:00,2,FTE,,,1,1,0,44,FM/LM,,,2026-10-02 09:33:45
93,50-HCM Thu Duc/Linh Trung Hub,1790701200,2026-09-30,VNO93EVENT2609300002,16:00-23:00,[16:00-23:00] 16:00-23:00,2,OS,40,GRG,0,2,2,44,FM/LM,,,2026-10-02 09:33:45
93,50-HCM Thu Duc/Linh Trung Hub,1790701200,2026-09-30,VNO93EVENT2609300003,16:00-23:00,[16:00-23:00] 16:00-23:00,2,FTE,,,0,0,0,999999,All,,,2026-10-02 09:33:45
93,50-HCM Thu Duc/Linh Trung Hub,1790787600,2026-10-01,VNO93EVENT2610010002,04:00-09:00,[04:00-09:00] 04:00-09:00,2,OS,40,GRG,0,1,1,44,FM/LM,,,2026-10-02 09:33:45
93,50-HCM Thu Duc/Linh Trung Hub,1790787600,2026-10-01,VNO93EVENT2610010010,04:00-13:00,[04:00-13:00] 04:00-13:00,2,FTE,,,1,1,0,44,FM/LM,,,2026-10-02 09:33:45
93,50-HCM Thu Duc/Linh Trung Hub,1790787600,2026-10-01,VNO93EVENT2610010008,05:00-14:00,[05:00-14:00] 05:00-14:00,2,FTE,,,1,1,0,44,FM/LM,,,2026-10-02 09:33:45
93,50-HCM Thu Duc/Linh Trung Hub,1790787600,2026-10-01,VNO93EVENT2610010006,07:00-16:00,[07:00-16:00] 07:00-16:00,2,FTE,,,1,1,0,44,FM/LM,,,2026-10-02 09:33:45
93,50-HCM Thu Duc/Linh Trung Hub,1790787600,2026-10-01,VNO93EVENT2610010003,10:00-16:00,[10:00-16:00] 10:00-16:00,2,OS,40,GRG,0,1,1,44,FM/LM,,,2026-10-02 09:33:45
93,50-HCM Thu Duc/Linh Trung Hub,1790787600,2026-10-01,VNO93EVENT2610010005,11:00-20:00,[11:00-20:00] 11:00-20:00,2,FTE,,,3,3,0,44,FM/LM,,,2026-10-02 09:33:45
93,50-HCM Thu Duc/Linh Trung Hub,1790787600,2026-10-01,VNO93EVENT2610010007,12:00-21:00,[12:00-21:00] 12:00-21:00,2,FTE,,,1,1,0,44,FM/LM,,,2026-10-02 09:33:45
93,50-HCM Thu Duc/Linh Trung Hub,1790787600,2026-10-01,VNO93EVENT2610010009,14:00-23:00,[14:00-23:00] 14:00-23:00,2,FTE,,,1,1,0,44,FM/LM,,,2026-10-02 09:33:45
93,50-HCM Thu Duc/Linh Trung Hub,1790787600,2026-10-01,VNO93EVENT2610010001,16:00-23:00,[16:00-23:00] 16:00-23:00,2,OS,40,GRG,0,2,0,999999,All,,,2026-10-02 09:33:45
93,50-HCM Thu Duc/Linh Trung Hub,1790787600,2026-10-01,VNO93EVENT2610010004,16:00-23:00,[16:00-23:00] 16:00-23:00,2,OS,40,GRG,0,0,2,44,FM/LM,,,2026-10-02 09:33:45
93,50-HCM Thu Duc/Linh Trung Hub,1790874000,2026-10-02,VNO93EVENT2610020002,04:00-09:00,[04:00-09:00] 04:00-09:00,2,OS,40,GRG,0,1,1,44,FM/LM,,,2026-10-02 09:33:45
93,50-HCM Thu Duc/Linh Trung Hub,1790874000,2026-10-02,VNO93EVENT2610020011,04:00-13:00,[04:00-13:00] 04:00-13:00,1,FTE,,,1,1,0,44,FM/LM,,,2026-10-02 09:33:45
93,50-HCM Thu Duc/Linh Trung Hub,1790874000,2026-10-02,VNO93EVENT2610020009,05:00-14:00,[05:00-14:00] 05:00-14:00,1,FTE,,,1,1,0,44,FM/LM,,,2026-10-02 09:33:45
93,50-HCM Thu Duc/Linh Trung Hub,1790874000,2026-10-02,VNO93EVENT2610020007,08:00-17:00,[08:00-17:00] 08:00-17:00,1,FTE,,,1,1,0,44,FM/LM,,,2026-10-02 09:33:45
93,50-HCM Thu Duc/Linh Trung Hub,1790874000,2026-10-02,VNO93EVENT2610020008,09:00-18:00,[09:00-18:00] 09:00-18:00,1,FTE,,,1,1,0,44,FM/LM,,,2026-10-02 09:33:45
93,50-HCM Thu Duc/Linh Trung Hub,1790874000,2026-10-02,VNO93EVENT2610020003,10:00-16:00,[10:00-16:00] 10:00-16:00,3,OS,40,GRG,0,0,1,44,FM/LM,,,2026-10-02 09:33:45
93,50-HCM Thu Duc/Linh Trung Hub,1790874000,2026-10-02,VNO93EVENT2610020005,11:00-20:00,[11:00-20:00] 11:00-20:00,3,FTE,,,2,0,0,44,FM/LM,,,2026-10-02 09:33:45
93,50-HCM Thu Duc/Linh Trung Hub,1790874000,2026-10-02,VNO93EVENT2610020010,12:00-21:00,[12:00-21:00] 12:00-21:00,3,FTE,,,1,0,0,44,FM/LM,,,2026-10-02 09:33:45
93,50-HCM Thu Duc/Linh Trung Hub,1790874000,2026-10-02,VNO93EVENT2610020006,14:00-23:00,[14:00-23:00] 14:00-23:00,0,FTE,,,1,0,0,44,FM/LM,,,2026-10-02 09:33:45
93,50-HCM Thu Duc/Linh Trung Hub,1790874000,2026-10-02,VNO93EVENT2610020001,16:00-23:00,[16:00-23:00] 16:00-23:00,0,FTE,,,0,0,0,999999,All,,,2026-10-02 09:33:45
93,50-HCM Thu Duc/Linh Trung Hub,1790874000,2026-10-02,VNO93EVENT2610020004,16:00-23:00,[16:00-23:00] 16:00-23:00,0,OS,40,GRG,0,0,2,44,FM/LM,,,2026-10-02 09:33:45
93,50-HCM Thu Duc/Linh Trung Hub,1790960400,2026-10-03,VNO93EVENT2610030002,04:00-09:00,[04:00-09:00] 04:00-09:00,0,OS,40,GRG,0,0,1,44,FM/LM,,,2026-10-02 09:33:45
93,50-HCM Thu Duc/Linh Trung Hub,1790960400,2026-10-03,VNO93EVENT2610030010,04:00-13:00,[04:00-13:00] 04:00-13:00,0,FTE,,,1,0,0,44,FM/LM,,,2026-10-02 09:33:45
93,50-HCM Thu Duc/Linh Trung Hub,1790960400,2026-10-03,VNO93EVENT2610030009,05:00-14:00,[05:00-14:00] 05:00-14:00,0,FTE,,,1,0,0,44,FM/LM,,,2026-10-02 09:33:45
93,50-HCM Thu Duc/Linh Trung Hub,1790960400,2026-10-03,VNO93EVENT2610030007,08:00-17:00,[08:00-17:00] 08:00-17:00,0,FTE,,,2,0,0,44,FM/LM,,,2026-10-02 09:33:45
93,50-HCM Thu Duc/Linh Trung Hub,1790960400,2026-10-03,VNO93EVENT2610030003,10:00-16:00,[10:00-16:00] 10:00-16:00,0,OS,40,GRG,0,0,1,44,FM/LM,,,2026-10-02 09:33:45
93,50-HCM Thu Duc/Linh Trung Hub,1790960400,2026-10-03,VNO93EVENT2610030005,11:00-20:00,[11:00-20:00] 11:00-20:00,0,FTE,,,2,0,0,44,FM/LM,,,2026-10-02 09:33:45
93,50-HCM Thu Duc/Linh Trung Hub,1790960400,2026-10-03,VNO93EVENT2610030008,12:00-21:00,[12:00-21:00] 12:00-21:00,0,FTE,,,1,0,0,44,FM/LM,,,2026-10-02 09:33:45
93,50-HCM Thu Duc/Linh Trung Hub,1790960400,2026-10-03,VNO93EVENT2610030006,14:00-23:00,[14:00-23:00] 14:00-23:00,0,FTE,,,1,0,0,44,FM/LM,,,2026-10-02 09:33:45
93,50-HCM Thu Duc/Linh Trung Hub,1790960400,2026-10-03,VNO93EVENT2610030001,16:00-23:00,[16:00-23:00] 16:00-23:00,0,FTE,,,0,0,0,999999,All,,,2026-10-02 09:33:45
93,50-HCM Thu Duc/Linh Trung Hub,1790960400,2026-10-03,VNO93EVENT2610030004,16:00-23:00,[16:00-23:00] 16:00-23:00,0,OS,40,GRG,0,0,2,44,FM/LM,,,2026-10-02 09:33:45
93,50-HCM Thu Duc/Linh Trung Hub,1791046800,2026-10-04,VNO93EVENT2610040002,04:00-09:00,[04:00-09:00] 04:00-09:00,0,OS,40,GRG,0,0,1,44,FM/LM,,,2026-10-02 09:33:45
93,50-HCM Thu Duc/Linh Trung Hub,1791046800,2026-10-04,VNO93EVENT2610040009,04:00-13:00,[04:00-13:00] 04:00-13:00,0,FTE,,,1,0,0,44,FM/LM,,,2026-10-02 09:33:45
93,50-HCM Thu Duc/Linh Trung Hub,1791046800,2026-10-04,VNO93EVENT2610040007,05:00-14:00,[05:00-14:00] 05:00-14:00,0,FTE,,,1,0,0,44,FM/LM,,,2026-10-02 09:33:45
93,50-HCM Thu Duc/Linh Trung Hub,1791046800,2026-10-04,VNO93EVENT2610040005,08:00-17:00,[08:00-17:00] 08:00-17:00,0,FTE,,,1,0,0,44,FM/LM,,,2026-10-02 09:33:45
93,50-HCM Thu Duc/Linh Trung Hub,1791046800,2026-10-04,VNO93EVENT2610040008,09:00-18:00,[09:00-18:00] 09:00-18:00,0,FTE,,,1,0,0,44,FM/LM,,,2026-10-02 09:33:45
93,50-HCM Thu Duc/Linh Trung Hub,1791046800,2026-10-04,VNO93EVENT2610040003,10:00-16:00,[10:00-16:00] 10:00-16:00,0,OS,40,GRG,0,0,1,44,FM/LM,,,2026-10-02 09:33:45
93,50-HCM Thu Duc/Linh Trung Hub,1791046800,2026-10-04,VNO93EVENT2610040006,11:00-20:00,[11:00-20:00] 11:00-20:00,0,FTE,,,1,0,0,44,FM/LM,,,2026-10-02 09:33:45
93,50-HCM Thu Duc/Linh Trung Hub,1791046800,2026-10-04,VNO93EVENT2610040004,14:00-23:00,[14:00-23:00] 14:00-23:00,0,FTE,,,2,0,0,44,FM/LM,,,2026-10-02 09:33:45
93,50-HCM Thu Duc/Linh Trung Hub,1791046800,2026-10-04,VNO93EVENT2610040001,16:00-23:00,[16:00-23:00] 16:00-23:00,0,FTE,,,0,0,0,999999,All,,,2026-10-02 09:33:45
